Session Information:,,,,Device Information:,,,,Oarlock Information:,,,,Oarlock Settings:

Name:,JustGo-8535M,,,Name:,Tom Oarlock,,,Firmware:,001.01,,,Boat ID:,BOAT
Start Time:,02/20/17 09:05am,,,Model:,SpeedCoach GPS Pro,,,,,,,Seat Number:,1
Type:,Just Go,,,Serial:,2145957,,,,,,,Port Starboard:,Starboard
System of Units:,Meters/Split500,,,Firmware Version:,2.12,,,,,,,Oar Length:,285
Speed Input:,GPS,,,Profile Version:,0.02,,,,,,,Inboard Length:,88
,,,,Hardware Version:,Rev 11
,,,,LiNK Version:,1.27


Session Summary:

Total Intervals,Total Distance (GPS),Total Distance (IMP),Total Elapsed Time,Avg Split (GPS),Avg Speed (GPS),Avg Split (IMP),Avg Speed (IMP),Avg Stroke Rate,Total Strokes,Distance/Stroke (GPS),Distance/Stroke (IMP),Avg Heart Rate,Avg Power,Avg Catch,Avg Slip,Avg Finish,Avg Wash,Avg Force Avg,Avg Work,Avg Force Max,Avg Max Force Angle,Start GPS Lat.,Start GPS Lon.
(Interval),(Meters),(Meters),(HH:MM:SS.tenths),(/500),(M/S),(/500),(M/S),(SPM),(Strokes),(Meters),(Meters),(BPM),(Watts),(Degrees),(Degrees),(Degrees),(Degrees),(Newtons),(Joules),(Newtons),(Degrees),(Degrees),(Degrees)
1,8535.1,0.0,00:36:48.6,00:02:09.5,3.86,00:00:00.0,0.00,20,725,12,0,218,199,-68,7,44,13,276,599,569,-6,30.286,-97.7858


Interval Summaries:

Interval,Total Distance (GPS),Total Distance (IMP),Total Elapsed Time,Avg Split (GPS),Avg Speed (GPS),Avg Split (IMP),Avg Speed (IMP),Avg Stroke Rate,Total Strokes,Distance/Stroke (GPS),Distance/Stroke (IMP),Avg Heart Rate,Avg Power,Avg Catch,Avg Slip,Avg Finish,Avg Wash,Avg Force Avg,Avg Work,Avg Force Max,Avg Max Force Angle,Start GPS Lat.,Start GPS Lon.
(Interval),(Meters),(Meters),(HH:MM:SS.tenths),(/500),(M/S),(/500),(M/S),(SPM),(Strokes),(Meters),(Meters),(BPM),(Watts),(Degrees),(Degrees),(Degrees),(Degrees),(Newtons),(Joules),(Newtons),(Degrees),(Degrees),(Degrees)
1,8535.1,0.0,00:36:48.6,00:02:09.5,3.86,00:00:00.0,0.00,20,725,12,0,127,199,-68,7,44,13,276,599,569,-6,30.286,-97.7858



Per-Stroke Data:

Interval,Distance (GPS),Distance (IMP),Elapsed Time,Split (GPS),Speed (GPS),Split (IMP),Speed (IMP),Stroke Rate,Total Strokes,Distance/Stroke (GPS),Distance/Stroke (IMP),Heart Rate,Power,Catch,Slip,Finish,Wash,Force Avg,Work,Force Max,Max Force Angle,GPS Lat.,GPS Lon.
(Interval),(Meters),(Meters),(HH:MM:SS.tenths),(/500),(M/S),(/500),(M/S),(SPM),(Strokes),(Meters),(Meters),(BPM),(Watts),(Degrees),(Degrees),(Degrees),(Degrees),(Newtons),(Joules),(Newtons),(Degrees),(Degrees),(Degrees)
1,6.2,0.0,00:00:03.9,00:09:34.7,0.87,00:00:00.0,0.00,16,1,6.18,0.00,70,130,-63,1,44,8,290,578,512,-2,30.286,-97.7858
1,---,---,---,---,---,---,---,---,1,---,---,---,225,-72,5,45,10,329,711,655,-4,---,---
1,16.8,0.0,00:00:07.3,00:03:41.2,2.26,00:00:00.0,0.00,18,2,10.66,0.00,73,212,-70,6,45,12,321,662,591,2,30.2859,-97.7857
1,29.2,0.0,00:00:11.0,00:02:35.7,3.21,00:00:00.0,0.00,16,3,12.40,0.00,80,150,-71,7,44,13,249,545,491,-12,30.2858,-97.7857
1,40.3,0.0,00:00:14.0,00:02:19.6,3.58,00:00:00.0,0.00,20,4,11.05,0.00,83,244,-72,7,44,11,317,689,636,-8,30.2857,-97.7856
1,52.2,0.0,00:00:17.0,00:02:11.9,3.79,00:00:00.0,0.00,20,5,11.88,0.00,91,206,-73,5,44,14,289,649,610,-6,30.2856,-97.7856
1,64.3,0.0,00:00:20.1,00:02:07.8,3.91,00:00:00.0,0.00,19,6,12.16,0.00,96,201,-71,7,44,17,289,627,594,-10,30.2855,-97.7855
1,76.2,0.0,00:00:23.1,00:02:07.2,3.93,00:00:00.0,0.00,20,7,11.85,0.00,100,209,-72,9,44,15,299,627,622,-11,30.2854,-97.7854
1,88.8,0.0,00:00:26.2,00:02:05.9,3.97,00:00:00.0,0.00,19,8,12.58,0.00,102,211,-71,8,44,11,317,665,637,-12,30.2853,-97.7854
1,101.1,0.0,00:00:29.3,00:02:05.9,3.97,00:00:00.0,0.00,19,9,12.32,0.00,104,200,-71,7,44,15,292,626,598,-9,30.2852,-97.7853
1,113.0,0.0,00:00:32.3,00:02:06.5,3.95,00:00:00.0,0.00,20,10,11.92,0.00,106,216,-72,7,45,12,315,649,610,-5,30.2851,-97.7853
1,125.6,0.0,00:00:35.5,00:02:05.9,3.97,00:00:00.0,0.00,20,11,12.64,0.00,106,217,-72,8,43,15,302,665,646,-9,30.285,-97.7852
1,137.8,0.0,00:00:38.5,00:02:05.0,4.00,00:00:00.0,0.00,19,12,12.12,0.00,107,194,-69,6,45,15,292,605,562,-11,30.2849,-97.7851
1,150.3,0.0,00:00:41.7,00:02:05.9,3.97,00:00:00.0,0.00,19,13,12.57,0.00,109,209,-72,8,45,13,305,652,611,-9,30.2848,-97.7851
1,162.2,0.0,00:00:44.7,00:02:06.5,3.95,00:00:00.0,0.00,20,14,11.90,0.00,112,211,-72,10,45,13,285,672,685,-5,30.2847,-97.785
1,175.5,0.0,00:00:48.1,00:02:07.5,3.92,00:00:00.0,0.00,18,15,13.29,0.00,114,184,-70,8,43,14,294,615,617,-7,30.2846,-97.7849
1,187.2,0.0,00:00:51.1,00:02:08.8,3.88,00:00:00.0,0.00,20,16,11.72,0.00,116,227,-71,8,45,17,318,668,654,-9,30.2846,-97.7849
1,199.0,0.0,00:00:54.1,00:02:07.5,3.92,00:00:00.0,0.00,20,17,11.77,0.00,118,210,-70,8,44,16,278,638,635,-5,30.2845,-97.7848
1,210.8,0.0,00:00:57.1,00:02:05.9,3.97,00:00:00.0,0.00,20,18,11.83,0.00,120,219,-71,8,44,15,299,652,660,-8,30.2844,-97.7847
1,222.1,0.0,00:00:59.9,00:02:06.5,3.95,00:00:00.0,0.00,20,19,11.21,0.00,122,231,-72,7,45,16,323,666,656,-8,30.2843,-97.7847
1,234.1,0.0,00:01:02.9,00:02:06.5,3.95,00:00:00.0,0.00,20,20,12.03,0.00,124,214,-71,8,45,15,298,638,627,-6,30.2842,-97.7846
1,245.9,0.0,00:01:05.9,00:02:06.2,3.96,00:00:00.0,0.00,20,21,11.83,0.00,126,211,-71,7,44,14,298,620,613,-7,30.2841,-97.7845
1,257.9,0.0,00:01:08.9,00:02:05.9,3.97,00:00:00.0,0.00,20,22,12.03,0.00,126,223,-71,8,46,13,304,656,616,-9,30.284,-97.7844
1,270.0,0.0,00:01:11.9,00:02:05.3,3.99,00:00:00.0,0.00,20,23,12.09,0.00,127,220,-73,8,43,13,319,655,622,-7,30.2839,-97.7844
1,282.6,0.0,00:01:15.1,00:02:05.6,3.98,00:00:00.0,0.00,18,24,12.61,0.00,127,181,-70,7,43,16,271,632,623,-10,30.2839,-97.7843
1,294.4,0.0,00:01:18.1,00:02:07.5,3.92,00:00:00.0,0.00,20,25,11.75,0.00,128,207,-70,8,45,15,268,591,590,-6,30.2838,-97.7842
1,306.3,0.0,00:01:21.1,00:02:07.5,3.92,00:00:00.0,0.00,20,26,11.90,0.00,128,222,-73,8,44,14,288,668,671,-8,30.2837,-97.7841
1,318.3,0.0,00:01:24.1,00:02:06.2,3.96,00:00:00.0,0.00,20,27,11.96,0.00,128,215,-72,8,45,15,301,628,595,-12,30.2836,-97.7841
1,330.2,0.0,00:01:27.1,00:02:05.9,3.97,00:00:00.0,0.00,20,28,11.94,0.00,128,219,-72,9,44,17,317,651,648,-10,30.2835,-97.784
1,342.2,0.0,00:01:30.1,00:02:05.9,3.97,00:00:00.0,0.00,20,29,12.00,0.00,127,220,-71,8,44,16,335,674,667,-9,30.2834,-97.7839
1,354.2,0.0,00:01:33.1,00:02:05.6,3.98,00:00:00.0,0.00,20,30,12.00,0.00,126,220,-71,7,45,13,298,693,666,-6,30.2833,-97.7838
1,367.5,0.0,00:01:36.5,00:02:05.3,3.99,00:00:00.0,0.00,18,31,13.27,0.00,126,210,-69,6,44,12,320,676,660,-4,30.2833,-97.7837
1,379.2,0.0,00:01:39.5,00:02:06.2,3.96,00:00:00.0,0.00,21,32,11.74,0.00,127,217,-71,6,45,16,300,640,582,-9,30.2832,-97.7837
1,390.5,0.0,00:01:42.3,00:02:06.2,3.96,00:00:00.0,0.00,20,33,11.32,0.00,127,221,-70,7,44,15,315,645,628,-9,30.2831,-97.7836
1,402.5,0.0,00:01:45.3,00:02:05.3,3.99,00:00:00.0,0.00,20,34,11.98,0.00,130,215,-70,8,45,15,318,638,612,-8,30.283,-97.7835
1,414.3,0.0,00:01:48.3,00:02:05.9,3.97,00:00:00.0,0.00,20,35,11.75,0.00,130,207,-70,7,44,13,276,654,642,-6,30.2829,-97.7834
1,426.1,0.0,00:01:51.3,00:02:06.5,3.95,00:00:00.0,0.00,20,36,11.83,0.00,129,247,-71,8,46,13,340,720,695,-4,30.2829,-97.7833
1,437.8,0.0,00:01:54.3,00:02:06.2,3.96,00:00:00.0,0.00,20,37,11.70,0.00,129,202,-69,7,44,11,291,607,549,-8,30.2828,-97.7833
1,449.6,0.0,00:01:57.3,00:02:06.2,3.96,00:00:00.0,0.00,20,38,11.77,0.00,126,206,-68,7,44,15,283,612,627,-3,30.2827,-97.7832
1,461.5,0.0,00:02:00.3,00:02:06.5,3.95,00:00:00.0,0.00,20,39,11.91,0.00,125,191,-68,7,45,16,270,591,579,-7,30.2826,-97.7831
1,473.9,0.0,00:02:03.5,00:02:07.2,3.93,00:00:00.0,0.00,20,40,12.44,0.00,127,203,-69,5,44,15,289,617,603,-8,30.2825,-97.783
1,485.1,0.0,00:02:06.3,00:02:07.5,3.92,00:00:00.0,0.00,20,41,11.21,0.00,127,200,-72,9,44,14,264,627,620,-7,30.2825,-97.7829
1,498.0,0.0,00:02:09.7,00:02:07.8,3.91,00:00:00.0,0.00,19,42,12.88,0.00,129,196,-70,6,44,16,270,606,617,-9,30.2824,-97.7828
1,509.7,0.0,00:02:12.7,00:02:08.5,3.89,00:00:00.0,0.00,20,43,11.72,0.00,129,206,-70,8,45,17,296,619,611,-8,30.2823,-97.7827
1,521.5,0.0,00:02:15.7,00:02:08.8,3.88,00:00:00.0,0.00,20,44,11.74,0.00,129,198,-69,7,44,17,277,631,644,-6,30.2822,-97.7827
1,533.8,0.0,00:02:18.9,00:02:08.2,3.90,00:00:00.0,0.00,20,45,12.38,0.00,129,202,-68,7,45,14,274,620,629,-6,30.2822,-97.7826
1,546.4,0.0,00:02:22.1,00:02:08.8,3.88,00:00:00.0,0.00,18,46,12.53,0.00,123,188,-69,7,44,15,306,622,630,-7,30.2821,-97.7825
1,558.5,0.0,00:02:25.3,00:02:11.5,3.80,00:00:00.0,0.00,20,47,12.16,0.00,123,188,-69,8,44,16,265,594,590,-8,30.282,-97.7824
1,570.2,0.0,00:02:28.3,00:02:12.6,3.77,00:00:00.0,0.00,20,48,11.66,0.00,123,205,-69,7,45,17,281,598,596,-8,30.2819,-97.7823
1,581.9,0.0,00:02:31.3,00:02:11.9,3.79,00:00:00.0,0.00,20,49,11.73,0.00,123,202,-69,6,45,15,302,612,615,-6,30.2818,-97.7822
1,593.8,0.0,00:02:34.3,00:02:11.5,3.80,00:00:00.0,0.00,20,50,11.88,0.00,123,200,-72,8,43,15,291,632,617,-9,30.2818,-97.7821
1,606.2,0.0,00:02:37.5,00:02:10.5,3.83,00:00:00.0,0.00,20,51,12.42,0.00,122,199,-70,8,44,16,270,639,630,-4,30.2817,-97.782
1,618.6,0.0,00:02:41.0,00:02:09.8,3.85,00:00:00.0,0.00,20,52,12.41,0.00,121,213,-70,7,44,12,300,633,598,-5,30.2816,-97.782
1,630.5,0.0,00:02:44.0,00:02:08.8,3.88,00:00:00.0,0.00,20,53,11.90,0.00,120,214,-70,8,45,16,316,644,623,-8,30.2815,-97.7819
1,642.6,0.0,00:02:47.0,00:02:07.8,3.91,00:00:00.0,0.00,20,54,12.12,0.00,121,200,-70,9,45,15,299,618,587,-11,30.2815,-97.7818
1,654.5,0.0,00:02:50.0,00:02:06.9,3.94,00:00:00.0,0.00,20,55,11.89,0.00,121,192,-69,7,45,16,263,606,590,-4,30.2814,-97.7817
1,666.2,0.0,00:02:53.0,00:02:06.5,3.95,00:00:00.0,0.00,20,56,11.70,0.00,122,222,-72,6,44,16,282,640,616,-9,30.2813,-97.7816
1,678.1,0.0,00:02:56.0,00:02:06.5,3.95,00:00:00.0,0.00,20,57,11.85,0.00,123,214,-72,8,45,15,285,651,625,-7,30.2812,-97.7815
1,689.9,0.0,00:02:59.0,00:02:06.9,3.94,00:00:00.0,0.00,20,58,11.80,0.00,124,208,-70,9,46,15,294,606,614,-5,30.2811,-97.7814
1,701.7,0.0,00:03:02.0,00:02:07.2,3.93,00:00:00.0,0.00,20,59,11.81,0.00,124,211,-69,8,45,14,304,629,622,-6,30.2811,-97.7813
1,713.6,0.0,00:03:05.0,00:02:06.9,3.94,00:00:00.0,0.00,20,60,11.88,0.00,125,205,-72,10,45,17,293,623,598,-9,30.281,-97.7813
1,725.5,0.0,00:03:08.0,00:02:06.5,3.95,00:00:00.0,0.00,20,61,11.89,0.00,124,188,-71,9,46,16,246,594,593,-7,30.2809,-97.7812
1,737.3,0.0,00:03:11.0,00:02:06.5,3.95,00:00:00.0,0.00,20,62,11.88,0.00,123,228,-71,8,45,18,311,650,655,-6,30.2808,-97.7811
1,749.5,0.0,00:03:14.0,00:02:06.9,3.94,00:00:00.0,0.00,18,63,12.11,0.00,122,191,-69,6,45,18,288,648,626,-5,30.2808,-97.781
1,761.5,0.0,00:03:17.0,00:02:06.2,3.96,00:00:00.0,0.00,20,64,12.03,0.00,122,208,-70,8,45,17,271,614,637,-9,30.2807,-97.7809
1,773.5,0.0,00:03:20.0,00:02:05.6,3.98,00:00:00.0,0.00,20,65,12.06,0.00,121,215,-70,8,44,16,294,627,633,-9,30.2806,-97.7808
1,785.4,0.0,00:03:23.0,00:02:05.9,3.97,00:00:00.0,0.00,20,66,11.83,0.00,121,193,-69,6,45,16,273,603,584,-7,30.2805,-97.7807
1,797.2,0.0,00:03:26.0,00:02:06.2,3.96,00:00:00.0,0.00,20,67,11.80,0.00,121,196,-69,7,44,16,252,600,604,-13,30.2805,-97.7806
1,808.9,0.0,00:03:29.0,00:02:05.9,3.97,00:00:00.0,0.00,20,68,11.75,0.00,121,198,-69,8,44,15,256,596,611,-8,30.2804,-97.7806
1,820.6,0.0,00:03:32.0,00:02:05.9,3.97,00:00:00.0,0.00,20,69,11.65,0.00,121,199,-68,9,46,18,255,575,587,-4,30.2803,-97.7805
1,832.2,0.0,00:03:35.0,00:02:06.5,3.95,00:00:00.0,0.00,20,70,11.60,0.00,120,206,-71,7,45,16,275,613,604,-8,30.2802,-97.7804
1,844.1,0.0,00:03:38.0,00:02:07.2,3.93,00:00:00.0,0.00,20,71,11.90,0.00,120,208,-69,8,45,15,302,612,622,-7,30.2802,-97.7803
1,855.8,0.0,00:03:41.0,00:02:07.5,3.92,00:00:00.0,0.00,20,72,11.73,0.00,120,196,-69,8,44,15,278,596,596,-7,30.2801,-97.7802
1,867.4,0.0,00:03:44.0,00:02:07.5,3.92,00:00:00.0,0.00,20,73,11.63,0.00,121,196,-67,9,45,15,283,570,571,-7,30.28,-97.7801
1,879.1,0.0,00:03:47.0,00:02:07.5,3.92,00:00:00.0,0.00,20,74,11.68,0.00,120,211,-69,6,44,16,310,635,619,-5,30.2799,-97.78
1,890.9,0.0,00:03:50.0,00:02:07.5,3.92,00:00:00.0,0.00,20,75,11.78,0.00,120,194,-70,7,46,17,275,582,544,0,30.2799,-97.78
1,902.7,0.0,00:03:53.0,00:02:08.5,3.89,00:00:00.0,0.00,19,76,11.77,0.00,121,210,-69,6,43,12,341,670,638,-10,30.2798,-97.7799
1,---,---,---,---,---,---,---,---,76,---,---,---,---,-4,---,4,---,-9,---,-1,1,---,---
1,916.9,0.0,00:03:56.5,00:02:08.8,3.88,00:00:00.0,0.00,18,77,14.20,0.00,121,280,-69,5,44,14,267,580,528,-2,30.2797,-97.7798
1,927.7,0.0,00:03:59.3,00:02:09.1,3.87,00:00:00.0,0.00,21,78,10.80,0.00,121,195,-71,8,44,15,245,575,560,-7,30.2796,-97.7797
1,938.6,0.0,00:04:02.2,00:02:08.8,3.88,00:00:00.0,0.00,20,79,10.91,0.00,124,209,-70,7,44,14,276,589,566,-3,30.2796,-97.7796
1,949.6,0.0,00:04:05.1,00:02:07.2,3.93,00:00:00.0,0.00,20,80,11.00,0.00,124,213,-71,7,46,16,278,640,624,-7,30.2795,-97.7795
1,961.9,0.0,00:04:08.2,00:02:06.2,3.96,00:00:00.0,0.00,20,81,12.34,0.00,124,195,-71,7,45,17,263,586,577,-8,30.2794,-97.7794
1,973.0,0.0,00:04:11.1,00:02:05.9,3.97,00:00:00.0,0.00,20,82,11.06,0.00,123,209,-70,8,46,18,291,602,599,-9,30.2794,-97.7793
1,984.3,0.0,00:04:14.0,00:02:05.6,3.98,00:00:00.0,0.00,20,83,11.28,0.00,123,233,-72,8,46,15,317,679,660,-6,30.2793,-97.7793
1,997.5,0.0,00:04:17.2,00:02:04.6,4.01,00:00:00.0,0.00,19,84,13.27,0.00,121,184,-69,8,45,14,277,598,565,-10,30.2792,-97.7792
1,1009.8,0.0,00:04:20.3,00:02:05.6,3.98,00:00:00.0,0.00,20,85,12.23,0.00,121,202,-70,6,42,13,271,618,615,-8,30.2791,-97.7791
1,1020.3,0.0,00:04:23.1,00:02:06.5,3.95,00:00:00.0,0.00,21,86,10.50,0.00,123,212,-72,6,44,17,289,592,559,-11,30.2791,-97.779
1,1031.9,0.0,00:04:26.1,00:02:06.2,3.96,00:00:00.0,0.00,20,87,11.61,0.00,125,196,-70,7,44,15,272,589,587,-8,30.279,-97.7789
1,1043.6,0.0,00:04:29.1,00:02:05.9,3.97,00:00:00.0,0.00,20,88,11.77,0.00,125,196,-70,7,44,16,277,582,595,-8,30.2789,-97.7788
1,1055.2,0.0,00:04:32.1,00:02:06.2,3.96,00:00:00.0,0.00,20,89,11.59,0.00,125,184,-69,6,45,16,249,563,537,-8,30.2789,-97.7787
1,1066.3,0.0,00:04:35.0,00:02:06.5,3.95,00:00:00.0,0.00,20,90,11.03,0.00,124,206,-72,8,45,17,288,601,563,-9,30.2788,-97.7786
1,1078.6,0.0,00:04:38.1,00:02:06.5,3.95,00:00:00.0,0.00,20,91,12.36,0.00,124,190,-72,9,44,16,263,589,583,-5,30.2787,-97.7785
1,1090.3,0.0,00:04:41.1,00:02:06.2,3.96,00:00:00.0,0.00,20,92,11.68,0.00,123,208,-71,8,46,12,292,619,575,-11,30.2787,-97.7784
1,1102.0,0.0,00:04:44.1,00:02:05.9,3.97,00:00:00.0,0.00,20,93,11.68,0.00,122,193,-71,7,45,16,271,581,555,-8,30.2786,-97.7784
1,1114.1,0.0,00:04:47.2,00:02:05.9,3.97,00:00:00.0,0.00,20,94,12.17,0.00,121,194,-71,8,47,13,277,589,559,-2,30.2785,-97.7783
1,1125.1,0.0,00:04:50.1,00:02:06.5,3.95,00:00:00.0,0.00,20,95,10.94,0.00,121,168,-70,10,44,15,228,530,518,-3,30.2784,-97.7782
1,1136.6,0.0,00:04:53.1,00:02:07.5,3.92,00:00:00.0,0.00,20,96,11.50,0.00,124,225,-70,5,47,14,300,629,567,-7,30.2784,-97.7781
1,1149.5,0.0,00:04:56.4,00:02:07.8,3.91,00:00:00.0,0.00,18,97,12.95,0.00,124,177,-70,7,44,15,265,600,592,-8,30.2783,-97.778
1,1161.2,0.0,00:04:59.3,00:02:09.1,3.87,00:00:00.0,0.00,20,98,11.65,0.00,125,201,-71,6,45,16,279,593,577,-4,30.2782,-97.7779
1,1172.8,0.0,00:05:02.3,00:02:09.1,3.87,00:00:00.0,0.00,20,99,11.66,0.00,125,185,-70,7,45,16,240,574,558,-7,30.2782,-97.7778
1,1184.4,0.0,00:05:05.3,00:02:08.2,3.90,00:00:00.0,0.00,20,100,11.54,0.00,125,191,-72,10,44,16,258,557,574,-8,30.2781,-97.7777
1,1195.9,0.0,00:05:08.3,00:02:08.5,3.89,00:00:00.0,0.00,20,101,11.51,0.00,122,197,-70,7,45,16,264,586,563,-11,30.278,-97.7776
1,1207.6,0.0,00:05:11.4,00:02:08.5,3.89,00:00:00.0,0.00,20,102,11.66,0.00,121,205,-72,7,45,17,301,610,607,-8,30.2779,-97.7775
1,1220.0,0.0,00:05:14.5,00:02:07.8,3.91,00:00:00.0,0.00,20,103,12.40,0.00,121,196,-69,8,45,16,269,607,635,-7,30.2779,-97.7774
1,1231.1,0.0,00:05:17.4,00:02:07.8,3.91,00:00:00.0,0.00,20,104,11.16,0.00,120,194,-72,8,44,18,274,589,590,-11,30.2778,-97.7774
1,1243.4,0.0,00:05:20.5,00:02:07.8,3.91,00:00:00.0,0.00,20,105,12.27,0.00,120,199,-69,8,47,14,288,597,586,-8,30.2777,-97.7773
1,1255.2,0.0,00:05:23.6,00:02:08.2,3.90,00:00:00.0,0.00,20,106,11.77,0.00,121,205,-72,10,47,15,287,628,603,-4,30.2777,-97.7772
1,1266.9,0.0,00:05:26.5,00:02:08.2,3.90,00:00:00.0,0.00,20,107,11.71,0.00,122,203,-70,6,45,17,300,617,606,-9,30.2776,-97.7771
1,1278.5,0.0,00:05:29.5,00:02:08.5,3.89,00:00:00.0,0.00,20,108,11.63,0.00,123,198,-69,8,46,15,264,608,604,-5,30.2775,-97.777
1,1290.1,0.0,00:05:32.6,00:02:08.8,3.88,00:00:00.0,0.00,21,109,11.59,0.00,122,203,-71,8,45,18,265,598,579,-10,30.2774,-97.7769
1,1301.9,0.0,00:05:35.6,00:02:08.5,3.89,00:00:00.0,0.00,20,110,11.79,0.00,122,208,-71,8,46,16,287,613,582,-11,30.2774,-97.7768
1,1313.6,0.0,00:05:38.5,00:02:07.8,3.91,00:00:00.0,0.00,20,111,11.73,0.00,121,201,-70,7,47,16,286,609,570,-5,30.2773,-97.7767
1,1325.3,0.0,00:05:41.6,00:02:08.2,3.90,00:00:00.0,0.00,20,112,11.65,0.00,120,203,-70,9,45,16,271,610,593,-8,30.2772,-97.7766
1,1337.1,0.0,00:05:44.6,00:02:07.5,3.92,00:00:00.0,0.00,20,113,11.82,0.00,120,225,-71,7,45,15,316,649,631,-7,30.2772,-97.7765
1,1349.6,0.0,00:05:47.7,00:02:07.2,3.93,00:00:00.0,0.00,18,114,12.53,0.00,121,180,-69,7,45,17,263,605,577,-9,30.2771,-97.7764
1,1360.4,0.0,00:05:50.5,00:02:08.8,3.88,00:00:00.0,0.00,21,115,10.83,0.00,122,217,-72,7,45,15,294,607,574,-6,30.277,-97.7764
1,1372.1,0.0,00:05:53.6,00:02:09.5,3.86,00:00:00.0,0.00,20,116,11.63,0.00,124,179,-71,9,44,17,249,559,570,-6,30.277,-97.7763
1,1384.2,0.0,00:05:56.8,00:02:09.5,3.86,00:00:00.0,0.00,20,117,12.14,0.00,124,206,-69,7,45,13,273,608,601,-4,30.2769,-97.7762
1,1395.3,0.0,00:05:59.6,00:02:09.5,3.86,00:00:00.0,0.00,20,118,11.12,0.00,123,210,-70,6,45,15,282,626,586,-2,30.2768,-97.7761
1,1406.9,0.0,00:06:02.6,00:02:08.5,3.89,00:00:00.0,0.00,20,119,11.56,0.00,123,205,-69,6,45,15,293,591,560,-6,30.2767,-97.776
1,1418.4,0.0,00:06:05.5,00:02:08.5,3.89,00:00:00.0,0.00,20,120,11.52,0.00,123,199,-70,8,45,15,288,593,586,-6,30.2767,-97.7759
1,1430.0,0.0,00:06:08.5,00:02:08.8,3.88,00:00:00.0,0.00,20,121,11.57,0.00,123,197,-69,9,47,14,285,599,620,-7,30.2766,-97.7758
1,1441.7,0.0,00:06:11.6,00:02:08.8,3.88,00:00:00.0,0.00,20,122,11.74,0.00,123,199,-68,7,45,15,292,592,556,-6,30.2765,-97.7757
1,1453.4,0.0,00:06:14.6,00:02:08.8,3.88,00:00:00.0,0.00,20,123,11.66,0.00,123,190,-69,7,44,15,268,582,595,-3,30.2765,-97.7756
1,1465.0,0.0,00:06:17.6,00:02:08.5,3.89,00:00:00.0,0.00,20,124,11.61,0.00,123,188,-71,9,45,17,275,561,571,-9,30.2764,-97.7755
1,1476.7,0.0,00:06:20.6,00:02:08.2,3.90,00:00:00.0,0.00,20,125,11.73,0.00,123,199,-69,7,45,14,292,593,591,-9,30.2763,-97.7754
1,1489.8,0.0,00:06:24.0,00:02:09.1,3.87,00:00:00.0,0.00,18,126,13.07,0.00,123,173,-69,7,45,14,285,598,563,-10,30.2763,-97.7753
1,1501.2,0.0,00:06:27.0,00:02:11.2,3.81,00:00:00.0,0.00,20,127,11.45,0.00,123,183,-69,7,46,16,244,560,556,-6,30.2762,-97.7753
1,1512.7,0.0,00:06:30.0,00:02:11.5,3.80,00:00:00.0,0.00,20,128,11.47,0.00,123,195,-70,10,45,16,276,562,519,-3,30.2761,-97.7752
1,1523.7,0.0,00:06:32.8,00:02:10.8,3.82,00:00:00.0,0.00,20,129,10.95,0.00,123,208,-70,6,46,14,294,624,610,-9,30.2761,-97.7751
1,1535.8,0.0,00:06:36.0,00:02:10.5,3.83,00:00:00.0,0.00,20,130,12.19,0.00,123,201,-70,6,44,15,288,609,576,-8,30.276,-97.775
1,1547.5,0.0,00:06:39.0,00:02:09.5,3.86,00:00:00.0,0.00,20,131,11.61,0.00,123,194,-69,7,44,16,283,590,609,-9,30.2759,-97.7749
1,1559.0,0.0,00:06:42.0,00:02:09.8,3.85,00:00:00.0,0.00,20,132,11.56,0.00,122,200,-70,10,45,16,282,606,610,-8,30.2759,-97.7748
1,1570.7,0.0,00:06:45.0,00:02:09.8,3.85,00:00:00.0,0.00,20,133,11.73,0.00,121,196,-70,7,45,18,269,607,600,-6,30.2758,-97.7747
1,1583.2,0.0,00:06:48.2,00:02:08.8,3.88,00:00:00.0,0.00,18,134,12.48,0.00,121,190,-69,6,43,14,276,599,589,-11,30.2757,-97.7746
1,1595.0,0.0,00:06:51.1,00:02:08.8,3.88,00:00:00.0,0.00,21,135,11.76,0.00,121,214,-71,7,45,14,293,616,598,-6,30.2757,-97.7745
1,1606.7,0.0,00:06:54.2,00:02:08.2,3.90,00:00:00.0,0.00,20,136,11.76,0.00,122,203,-70,5,45,13,304,616,593,-12,30.2756,-97.7744
1,1618.5,0.0,00:06:57.2,00:02:07.5,3.92,00:00:00.0,0.00,20,137,11.80,0.00,123,190,-70,7,45,16,251,581,587,-3,30.2755,-97.7743
1,1630.2,0.0,00:07:00.2,00:02:08.2,3.90,00:00:00.0,0.00,20,138,11.68,0.00,123,220,-71,7,45,12,306,642,603,-4,30.2755,-97.7742
1,1641.4,0.0,00:07:03.0,00:02:08.2,3.90,00:00:00.0,0.00,20,139,11.20,0.00,124,212,-70,5,44,15,302,623,617,-8,30.2754,-97.7741
1,1653.7,0.0,00:07:06.2,00:02:07.2,3.93,00:00:00.0,0.00,20,140,12.24,0.00,124,189,-70,8,43,14,253,592,581,-4,30.2753,-97.774
1,1664.9,0.0,00:07:09.0,00:02:07.5,3.92,00:00:00.0,0.00,20,141,11.22,0.00,124,210,-70,7,46,15,275,626,616,-10,30.2753,-97.7739
1,1677.4,0.0,00:07:12.2,00:02:07.5,3.92,00:00:00.0,0.00,20,142,12.50,0.00,124,194,-70,11,46,17,264,583,588,-8,30.2752,-97.7738
1,1688.5,0.0,00:07:15.0,00:02:07.5,3.92,00:00:00.0,0.00,20,143,11.13,0.00,124,214,-69,7,46,18,299,624,627,-5,30.2751,-97.7738
1,1701.0,0.0,00:07:18.2,00:02:07.5,3.92,00:00:00.0,0.00,20,144,12.51,0.00,124,196,-69,9,45,13,280,594,632,-5,30.275,-97.7737
1,1712.9,0.0,00:07:21.2,00:02:07.2,3.93,00:00:00.0,0.00,20,145,11.92,0.00,125,197,-70,7,45,15,287,597,575,-6,30.275,-97.7736
1,1725.5,0.0,00:07:24.4,00:02:07.8,3.91,00:00:00.0,0.00,18,146,12.59,0.00,125,156,-68,6,43,19,260,524,534,-8,30.2749,-97.7735
1,1737.1,0.0,00:07:27.4,00:02:08.8,3.88,00:00:00.0,0.00,20,147,11.55,0.00,125,183,-70,7,43,14,253,551,527,-14,30.2748,-97.7734
1,1748.9,0.0,00:07:30.4,00:02:08.8,3.88,00:00:00.0,0.00,20,148,11.78,0.00,125,195,-69,7,44,16,273,586,580,-9,30.2748,-97.7733
1,1760.6,0.0,00:07:33.4,00:02:07.8,3.91,00:00:00.0,0.00,20,149,11.74,0.00,125,212,-71,8,44,16,275,636,635,-5,30.2747,-97.7732
1,1772.4,0.0,00:07:36.4,00:02:06.9,3.94,00:00:00.0,0.00,20,150,11.81,0.00,125,217,-70,7,45,15,297,619,611,-7,30.2746,-97.7731
1,1784.9,0.0,00:07:39.6,00:02:06.2,3.96,00:00:00.0,0.00,19,151,12.53,0.00,127,149,-70,8,44,17,227,494,479,-8,30.2746,-97.773
1,1796.4,0.0,00:07:42.6,00:02:07.5,3.92,00:00:00.0,0.00,20,152,11.48,0.00,126,187,-69,11,47,15,264,539,548,-7,30.2745,-97.7729
1,1808.0,0.0,00:07:45.6,00:02:09.1,3.87,00:00:00.0,0.00,20,153,11.59,0.00,126,185,-69,7,44,12,248,579,566,-4,30.2744,-97.7728
1,1819.0,0.0,00:07:48.4,00:02:09.1,3.87,00:00:00.0,0.00,20,154,10.99,0.00,126,209,-69,8,46,17,293,585,588,-11,30.2743,-97.7728
1,1832.1,0.0,00:07:51.8,00:02:09.1,3.87,00:00:00.0,0.00,18,155,13.05,0.00,125,155,-67,8,44,13,261,518,512,-4,30.2742,-97.7727
1,1843.5,0.0,00:07:54.8,00:02:10.5,3.83,00:00:00.0,0.00,20,156,11.42,0.00,124,182,-68,9,45,14,258,559,569,-4,30.2742,-97.7726
1,1854.9,0.0,00:07:57.8,00:02:11.5,3.80,00:00:00.0,0.00,20,157,11.46,0.00,123,208,-68,8,44,14,301,607,627,-10,30.2741,-97.7725
1,1867.3,0.0,00:08:01.0,00:02:10.2,3.84,00:00:00.0,0.00,18,158,12.37,0.00,123,173,-70,9,44,16,281,568,563,-13,30.274,-97.7724
1,1878.8,0.0,00:08:04.0,00:02:09.8,3.85,00:00:00.0,0.00,20,159,11.52,0.00,123,190,-69,4,43,16,271,572,552,-10,30.2739,-97.7723
1,1889.7,0.0,00:08:06.8,00:02:09.8,3.85,00:00:00.0,0.00,20,160,10.85,0.00,124,213,-69,8,47,13,286,602,579,-6,30.2739,-97.7723
1,1901.2,0.0,00:08:09.8,00:02:09.1,3.87,00:00:00.0,0.00,20,161,11.52,0.00,124,205,-69,7,46,15,291,604,611,-5,30.2738,-97.7722
1,1912.0,0.0,00:08:12.6,00:02:09.1,3.87,00:00:00.0,0.00,21,162,10.78,0.00,123,194,-69,7,44,15,264,584,546,-12,30.2737,-97.7721
1,1923.4,0.0,00:08:15.5,00:02:09.1,3.87,00:00:00.0,0.00,20,163,11.47,0.00,123,206,-70,7,46,19,270,613,619,-10,30.2736,-97.772
1,1935.5,0.0,00:08:18.8,00:02:08.5,3.89,00:00:00.0,0.00,20,164,12.10,0.00,123,198,-70,8,46,16,279,583,557,-11,30.2736,-97.7719
1,1945.7,0.0,00:08:21.6,00:02:15.8,3.68,00:00:00.0,0.00,20,165,10.15,0.00,122,172,-68,10,46,18,249,507,504,-11,30.2735,-97.7719
1,1958.1,0.0,00:08:24.6,00:02:15.8,3.68,00:00:00.0,0.00,20,166,12.41,0.00,122,179,-69,8,47,18,248,553,533,-7,30.2734,-97.7718
1,1970.9,0.0,00:08:27.8,00:02:08.8,3.88,00:00:00.0,0.00,18,167,12.84,0.00,122,174,-67,6,42,12,278,560,561,-5,30.2733,-97.7717
1,1982.4,0.0,00:08:30.8,00:02:09.5,3.86,00:00:00.0,0.00,21,168,11.50,0.00,122,194,-67,8,43,11,257,577,595,-4,30.2732,-97.7716
1,1994.4,0.0,00:08:33.8,00:02:08.8,3.88,00:00:00.0,0.00,20,169,11.95,0.00,122,199,-70,8,45,15,289,580,563,-10,30.2732,-97.7715
1,2006.8,0.0,00:08:36.8,00:02:07.2,3.93,00:00:00.0,0.00,20,170,12.46,0.00,122,191,-70,7,45,14,280,580,571,-5,30.2731,-97.7715
1,2019.2,0.0,00:08:39.8,00:02:06.2,3.96,00:00:00.0,0.00,20,171,12.34,0.00,121,176,-68,8,44,12,238,533,525,-4,30.273,-97.7714
1,2031.9,0.0,00:08:43.0,00:02:06.2,3.96,00:00:00.0,0.00,18,172,12.72,0.00,121,172,-68,8,44,13,260,570,599,-9,30.2729,-97.7713
1,2043.7,0.0,00:08:46.0,00:02:07.8,3.91,00:00:00.0,0.00,20,173,11.82,0.00,122,195,-69,7,44,16,272,563,563,-8,30.2728,-97.7712
1,2055.6,0.0,00:08:49.0,00:02:08.2,3.90,00:00:00.0,0.00,20,174,11.84,0.00,122,190,-69,11,44,14,256,577,590,-2,30.2727,-97.7711
1,2067.4,0.0,00:08:52.0,00:02:08.2,3.90,00:00:00.0,0.00,20,175,11.82,0.00,123,202,-69,8,45,16,266,600,569,-8,30.2727,-97.7711
1,2079.4,0.0,00:08:55.0,00:02:07.8,3.91,00:00:00.0,0.00,20,176,12.04,0.00,123,198,-69,7,45,14,283,582,577,-5,30.2726,-97.771
1,2092.7,0.0,00:08:58.4,00:02:07.8,3.91,00:00:00.0,0.00,17,177,13.28,0.00,123,175,-69,8,45,14,305,623,601,-5,30.2725,-97.7709
1,2104.4,0.0,00:09:01.4,00:02:10.2,3.84,00:00:00.0,0.00,20,178,11.69,0.00,122,204,-70,6,46,13,285,606,567,-7,30.2724,-97.7708
1,2116.4,0.0,00:09:04.4,00:02:10.5,3.83,00:00:00.0,0.00,20,179,11.98,0.00,122,195,-68,7,45,13,280,575,560,-13,30.2723,-97.7707
1,2128.4,0.0,00:09:07.4,00:02:08.8,3.88,00:00:00.0,0.00,20,180,12.04,0.00,123,204,-68,8,45,15,274,618,592,-7,30.2722,-97.7706
1,2140.5,0.0,00:09:10.4,00:02:08.2,3.90,00:00:00.0,0.00,20,181,12.07,0.00,124,199,-69,6,45,16,254,581,568,-4,30.2722,-97.7706
1,2151.7,0.0,00:09:13.2,00:02:08.5,3.89,00:00:00.0,0.00,20,182,11.19,0.00,124,180,-67,7,45,14,234,532,539,-1,30.2721,-97.7705
1,2163.4,0.0,00:09:16.2,00:02:09.5,3.86,00:00:00.0,0.00,21,183,11.70,0.00,124,218,-68,8,45,15,299,602,613,-7,30.272,-97.7704
1,2175.9,0.0,00:09:19.4,00:02:09.8,3.85,00:00:00.0,0.00,18,184,12.57,0.00,124,157,-68,7,43,13,256,542,527,-13,30.2719,-97.7703
1,2187.4,0.0,00:09:22.4,00:02:12.6,3.77,00:00:00.0,0.00,21,185,11.47,0.00,124,217,-69,8,44,16,283,620,619,-4,30.2719,-97.7702
1,2199.1,0.0,00:09:25.4,00:02:12.9,3.76,00:00:00.0,0.00,20,186,11.63,0.00,124,212,-70,7,44,13,302,618,621,-6,30.2718,-97.7701
1,2210.3,0.0,00:09:28.2,00:02:10.5,3.83,00:00:00.0,0.00,20,187,11.26,0.00,123,194,-69,6,45,17,269,582,550,-14,30.2717,-97.7701
1,2222.8,0.0,00:09:31.4,00:02:10.5,3.83,00:00:00.0,0.00,18,188,12.49,0.00,122,223,-71,7,45,11,345,717,673,-4,30.2716,-97.77
1,2235.9,0.0,00:09:35.0,00:02:11.5,3.80,00:00:00.0,0.00,18,189,13.07,0.00,122,206,-70,6,45,15,341,680,670,-7,30.2715,-97.7699
1,2246.9,0.0,00:09:37.6,00:02:10.2,3.84,00:00:00.0,0.00,21,190,11.06,0.00,122,219,-70,8,45,15,285,645,635,-8,30.2715,-97.7698
1,2258.7,0.0,00:09:40.6,00:02:08.5,3.89,00:00:00.0,0.00,21,191,11.77,0.00,123,234,-69,7,46,14,309,653,620,-10,30.2714,-97.7697
1,2271.1,0.0,00:09:44.0,00:02:10.5,3.83,00:00:00.0,0.00,18,192,12.44,0.00,124,182,-68,6,45,12,301,634,609,-7,30.2713,-97.7696
1,2282.4,0.0,00:09:47.0,00:02:11.9,3.79,00:00:00.0,0.00,20,193,11.22,0.00,125,212,-70,6,45,16,299,624,628,-8,30.2712,-97.7695
1,2293.8,0.0,00:09:50.0,00:02:10.8,3.82,00:00:00.0,0.00,20,194,11.46,0.00,125,218,-69,7,46,16,296,635,610,-7,30.2712,-97.7694
1,2305.3,0.0,00:09:53.0,00:02:09.8,3.85,00:00:00.0,0.00,20,195,11.47,0.00,126,231,-72,6,45,13,316,674,643,-9,30.2711,-97.7694
1,2317.0,0.0,00:09:56.0,00:02:09.1,3.87,00:00:00.0,0.00,20,196,11.72,0.00,126,211,-69,8,45,14,306,633,650,-6,30.271,-97.7693
1,2328.8,0.0,00:09:59.0,00:02:10.2,3.84,00:00:00.0,0.00,18,197,11.84,0.00,126,191,-70,8,47,14,301,649,606,-4,30.271,-97.7692
1,2340.8,0.0,00:10:02.1,00:02:09.8,3.85,00:00:00.0,0.00,20,198,11.91,0.00,125,212,-69,8,45,15,306,624,653,-7,30.2709,-97.7691
1,2351.8,0.0,00:10:05.0,00:02:07.8,3.91,00:00:00.0,0.00,20,199,11.05,0.00,125,190,-69,9,45,12,269,570,562,-3,30.2708,-97.769
1,2363.4,0.0,00:10:08.0,00:02:07.2,3.93,00:00:00.0,0.00,20,200,11.59,0.00,124,204,-69,9,47,14,272,600,576,-8,30.2708,-97.7689
1,2375.1,0.0,00:10:11.0,00:02:07.5,3.92,00:00:00.0,0.00,20,201,11.67,0.00,124,207,-70,8,45,14,297,616,617,-6,30.2707,-97.7688
1,2386.9,0.0,00:10:14.0,00:02:07.5,3.92,00:00:00.0,0.00,20,202,11.80,0.00,125,194,-69,7,44,14,281,584,590,-6,30.2706,-97.7687
1,2398.6,0.0,00:10:17.0,00:02:06.9,3.94,00:00:00.0,0.00,20,203,11.75,0.00,125,220,-70,9,46,12,297,653,648,-3,30.2706,-97.7686
1,---,---,---,---,---,---,---,---,203,---,---,---,---,24,---,30,---,-13,---,-7,30,---,---
1,2411.1,0.0,00:10:20.1,00:02:07.2,3.93,00:00:00.0,0.00,18,204,12.51,0.00,125,261,-68,7,45,15,307,650,619,-7,30.2705,-97.7685
1,2421.7,0.0,00:10:23.0,00:02:07.8,3.91,00:00:00.0,0.00,22,205,10.59,0.00,125,217,-69,7,45,14,288,594,571,-13,30.2705,-97.7684
1,2433.4,0.0,00:10:26.0,00:02:06.9,3.94,00:00:00.0,0.00,21,206,11.65,0.00,126,218,-68,6,45,16,313,629,639,-4,30.2704,-97.7683
1,2445.1,0.0,00:10:29.0,00:02:05.6,3.98,00:00:00.0,0.00,20,207,11.77,0.00,126,209,-69,7,45,15,294,609,618,-11,30.2704,-97.7682
1,2456.4,0.0,00:10:31.6,00:02:05.6,3.98,00:00:00.0,0.00,21,208,11.23,0.00,126,218,-72,7,44,16,300,628,617,-10,30.2703,-97.7681
1,2468.8,0.0,00:10:35.0,00:02:05.9,3.97,00:00:00.0,0.00,20,209,12.46,0.00,125,205,-69,8,45,17,282,597,618,-10,30.2703,-97.768
1,2479.9,0.0,00:10:37.6,00:02:06.9,3.94,00:00:00.0,0.00,21,210,11.12,0.00,125,212,-69,7,45,16,312,618,610,-12,30.2702,-97.7679
1,2492.6,0.0,00:10:41.0,00:02:08.2,3.90,00:00:00.0,0.00,18,211,12.60,0.00,125,208,-69,8,44,15,322,675,638,-3,30.2702,-97.7677
1,2504.3,0.0,00:10:44.0,00:02:08.2,3.90,00:00:00.0,0.00,20,212,11.79,0.00,125,231,-71,6,45,15,316,687,667,-3,30.2701,-97.7676
1,2515.8,0.0,00:10:46.6,00:02:06.2,3.96,00:00:00.0,0.00,20,213,11.51,0.00,126,209,-69,8,45,14,290,609,623,-6,30.2701,-97.7675
1,2527.8,0.0,00:10:49.6,00:02:05.6,3.98,00:00:00.0,0.00,20,214,11.93,0.00,127,203,-70,8,45,14,285,598,603,-5,30.27,-97.7674
1,2539.7,0.0,00:10:52.6,00:02:06.9,3.94,00:00:00.0,0.00,20,215,11.95,0.00,126,210,-70,8,45,15,303,620,622,-8,30.27,-97.7673
1,2551.7,0.0,00:10:55.6,00:02:07.2,3.93,00:00:00.0,0.00,20,216,11.99,0.00,126,201,-69,8,44,16,284,585,564,-10,30.2699,-97.7672
1,2563.1,0.0,00:10:58.4,00:02:07.2,3.93,00:00:00.0,0.00,22,217,11.35,0.00,126,222,-69,9,45,14,303,635,644,-7,30.2699,-97.7671
1,2575.2,0.0,00:11:01.4,00:02:07.8,3.91,00:00:00.0,0.00,18,218,12.14,0.00,127,193,-70,5,43,13,313,621,601,-6,30.2699,-97.767
1,2587.0,0.0,00:11:04.4,00:02:08.5,3.89,00:00:00.0,0.00,21,219,11.81,0.00,128,203,-71,9,45,15,281,591,552,-7,30.2698,-97.7668
1,2598.8,0.0,00:11:07.4,00:02:09.1,3.87,00:00:00.0,0.00,20,220,11.77,0.00,129,203,-70,6,45,16,298,622,623,-8,30.2698,-97.7667
1,2610.7,0.0,00:11:10.4,00:02:09.5,3.86,00:00:00.0,0.00,20,221,11.90,0.00,129,219,-72,7,46,18,303,657,645,-9,30.2697,-97.7666
1,2623.3,0.0,00:11:13.6,00:02:08.2,3.90,00:00:00.0,0.00,20,222,12.65,0.00,129,199,-72,7,45,16,259,634,623,-8,30.2697,-97.7665
1,2635.4,0.0,00:11:16.6,00:02:07.5,3.92,00:00:00.0,0.00,20,223,12.09,0.00,130,208,-71,7,45,16,298,613,566,-8,30.2697,-97.7664
1,2647.5,0.0,00:11:19.6,00:02:07.2,3.93,00:00:00.0,0.00,20,224,12.09,0.00,130,201,-70,8,44,15,297,603,608,-8,30.2696,-97.7663
1,2659.5,0.0,00:11:22.6,00:02:06.5,3.95,00:00:00.0,0.00,20,225,12.01,0.00,130,204,-72,8,45,16,297,626,619,-8,30.2696,-97.7661
1,2671.7,0.0,00:11:25.6,00:02:06.2,3.96,00:00:00.0,0.00,20,226,12.21,0.00,129,215,-72,6,45,13,315,645,608,-9,30.2695,-97.766
1,2684.1,0.0,00:11:28.6,00:02:05.3,3.99,00:00:00.0,0.00,20,227,12.33,0.00,129,159,-69,8,43,17,240,511,499,-6,30.2695,-97.7659
1,2695.9,0.0,00:11:31.6,00:02:05.0,4.00,00:00:00.0,0.00,22,228,11.83,0.00,129,181,-69,6,42,16,251,489,504,-13,30.2694,-97.7658
1,2708.9,0.0,00:11:35.0,00:02:05.9,3.97,00:00:00.0,0.00,17,229,12.96,0.00,130,160,-68,6,44,15,277,557,543,-10,30.2694,-97.7657
1,2720.6,0.0,00:11:38.0,00:02:05.9,3.97,00:00:00.0,0.00,21,230,11.77,0.00,131,193,-69,9,46,17,262,550,543,-7,30.2693,-97.7656
1,2732.7,0.0,00:11:41.0,00:02:04.6,4.01,00:00:00.0,0.00,20,231,12.06,0.00,131,186,-69,8,45,13,277,566,549,-12,30.2693,-97.7655
1,2744.6,0.0,00:11:44.0,00:02:05.0,4.00,00:00:00.0,0.00,20,232,11.94,0.00,131,207,-71,7,45,13,294,628,582,-9,30.2692,-97.7653
1,2756.7,0.0,00:11:47.0,00:02:04.6,4.01,00:00:00.0,0.00,20,233,12.10,0.00,131,195,-71,7,44,11,255,599,570,-7,30.2692,-97.7652
1,2768.7,0.0,00:11:50.0,00:02:04.3,4.02,00:00:00.0,0.00,20,234,11.97,0.00,130,195,-70,8,45,17,261,562,528,-8,30.2691,-97.7651
1,2781.9,0.0,00:11:53.3,00:02:05.6,3.98,00:00:00.0,0.00,17,235,13.23,0.00,130,175,-68,6,46,14,302,609,597,-8,30.2691,-97.765
1,2794.2,0.0,00:11:56.4,00:02:07.2,3.93,00:00:00.0,0.00,20,236,12.23,0.00,131,203,-69,8,46,13,288,599,604,-8,30.269,-97.7649
1,2806.0,0.0,00:11:59.4,00:02:06.2,3.96,00:00:00.0,0.00,19,237,11.85,0.00,131,194,-70,8,44,13,298,602,616,-5,30.269,-97.7648
1,2817.8,0.0,00:12:02.4,00:02:05.6,3.98,00:00:00.0,0.00,20,238,11.77,0.00,131,200,-69,8,45,15,291,594,605,-7,30.2689,-97.7647
1,2829.5,0.0,00:12:05.4,00:02:05.9,3.97,00:00:00.0,0.00,20,239,11.74,0.00,130,180,-69,10,45,16,246,558,571,-4,30.2689,-97.7646
1,2840.7,0.0,00:12:08.2,00:02:05.9,3.97,00:00:00.0,0.00,20,240,11.18,0.00,129,211,-69,7,45,13,282,628,593,-4,30.2688,-97.7645
1,2854.4,0.0,00:12:11.8,00:02:07.5,3.92,00:00:00.0,0.00,18,241,13.72,0.00,128,168,-69,7,45,16,267,592,576,-7,30.2688,-97.7643
1,2865.7,0.0,00:12:14.8,00:02:11.2,3.81,00:00:00.0,0.00,21,242,11.30,0.00,128,208,-68,7,45,15,265,587,592,-2,30.2687,-97.7642
1,2877.3,0.0,00:12:17.8,00:02:11.2,3.81,00:00:00.0,0.00,20,243,11.62,0.00,128,206,-69,9,46,12,293,600,585,-6,30.2687,-97.7641
1,2888.4,0.0,00:12:20.6,00:02:09.1,3.87,00:00:00.0,0.00,20,244,11.02,0.00,127,197,-68,9,45,14,282,587,607,-5,30.2687,-97.764
1,2899.9,0.0,00:12:23.6,00:02:09.5,3.86,00:00:00.0,0.00,20,245,11.51,0.00,126,195,-69,8,44,13,259,593,584,-6,30.2686,-97.7639
1,2912.2,0.0,00:12:26.8,00:02:10.2,3.84,00:00:00.0,0.00,18,246,12.33,0.00,126,188,-68,6,45,16,286,621,605,-7,30.2686,-97.7638
1,2925.9,0.0,00:12:30.4,00:02:11.5,3.80,00:00:00.0,0.00,17,247,13.69,0.00,125,150,-68,11,44,17,250,529,523,-4,30.2685,-97.7637
1,2936.6,0.0,00:12:33.2,00:02:12.9,3.76,00:00:00.0,0.00,21,248,10.71,0.00,124,200,-68,8,46,16,272,560,544,-14,30.2685,-97.7636
1,2948.8,0.0,00:12:36.4,00:02:11.5,3.80,00:00:00.0,0.00,20,249,12.15,0.00,124,183,-69,8,44,15,262,551,556,-7,30.2684,-97.7634
1,2959.6,0.0,00:12:39.2,00:02:10.5,3.83,00:00:00.0,0.00,20,250,10.83,0.00,124,203,-72,10,45,14,291,603,582,-6,30.2684,-97.7633
1,2971.2,0.0,00:12:42.2,00:02:10.5,3.83,00:00:00.0,0.00,20,251,11.58,0.00,123,207,-70,8,45,13,300,628,614,-5,30.2684,-97.7632
1,2982.7,0.0,00:12:45.2,00:02:09.5,3.86,00:00:00.0,0.00,20,252,11.56,0.00,125,204,-69,8,45,16,292,607,596,-8,30.2683,-97.7631
1,2994.9,0.0,00:12:48.4,00:02:08.8,3.88,00:00:00.0,0.00,20,253,12.20,0.00,124,208,-70,8,45,11,290,645,619,-7,30.2683,-97.763
1,3007.9,0.0,00:12:51.8,00:02:09.1,3.87,00:00:00.0,0.00,17,254,12.98,0.00,124,167,-68,8,44,14,289,583,569,-6,30.2682,-97.7629
1,3019.2,0.0,00:12:54.8,00:02:11.5,3.80,00:00:00.0,0.00,20,255,11.26,0.00,123,190,-69,12,46,14,274,565,582,-4,30.2682,-97.7628
1,3030.6,0.0,00:12:57.8,00:02:11.5,3.80,00:00:00.0,0.00,20,256,11.47,0.00,124,200,-69,8,44,15,285,588,595,-8,30.2681,-97.7627
1,3042.1,0.0,00:13:00.8,00:02:10.2,3.84,00:00:00.0,0.00,20,257,11.49,0.00,124,195,-69,8,46,16,274,585,585,-7,30.2681,-97.7626
1,3053.0,0.0,00:13:03.6,00:02:09.8,3.85,00:00:00.0,0.00,20,258,10.92,0.00,123,196,-68,7,45,15,254,595,578,-6,30.268,-97.7625
1,3065.5,0.0,00:13:06.8,00:02:09.8,3.85,00:00:00.0,0.00,18,259,12.45,0.00,122,171,-68,6,44,16,247,560,555,-4,30.268,-97.7623
1,3076.9,0.0,00:13:09.8,00:02:10.8,3.82,00:00:00.0,0.00,20,260,11.45,0.00,123,178,-69,8,44,15,244,491,487,-7,30.268,-97.7622
1,3087.8,0.0,00:13:12.6,00:02:11.5,3.80,00:00:00.0,0.00,21,261,10.82,0.00,124,205,-70,6,45,12,278,605,598,-3,30.2679,-97.7621
1,3099.2,0.0,00:13:15.6,00:02:10.5,3.83,00:00:00.0,0.00,20,262,11.40,0.00,125,194,-68,5,45,15,275,573,550,-2,30.2679,-97.762
1,3110.6,0.0,00:13:18.6,00:02:10.2,3.84,00:00:00.0,0.00,20,263,11.39,0.00,125,210,-68,7,46,14,301,611,581,-8,30.2678,-97.7619
1,3121.9,0.0,00:13:21.6,00:02:10.2,3.84,00:00:00.0,0.00,20,264,11.40,0.00,125,202,-68,6,44,15,292,590,566,-4,30.2678,-97.7618
1,3132.9,0.0,00:13:24.4,00:02:09.8,3.85,00:00:00.0,0.00,21,265,10.96,0.00,125,193,-68,8,45,15,283,568,588,-10,30.2677,-97.7617
1,3144.6,0.0,00:13:27.4,00:02:09.1,3.87,00:00:00.0,0.00,20,266,11.67,0.00,125,188,-67,7,45,12,254,571,557,-7,30.2677,-97.7616
1,3156.0,0.0,00:13:30.4,00:02:09.5,3.86,00:00:00.0,0.00,21,267,11.45,0.00,125,185,-69,10,45,13,254,533,540,-4,30.2677,-97.7615
1,3166.9,0.0,00:13:33.2,00:02:10.8,3.82,00:00:00.0,0.00,20,268,10.86,0.00,125,191,-69,10,46,14,261,592,606,-8,30.2676,-97.7614
1,3178.3,0.0,00:13:36.2,00:02:11.2,3.81,00:00:00.0,0.00,20,269,11.40,0.00,125,189,-69,8,44,17,253,550,555,-9,30.2676,-97.7613
1,3191.1,0.0,00:13:39.6,00:02:10.8,3.82,00:00:00.0,0.00,18,270,12.83,0.00,125,160,-66,6,44,14,260,524,517,-5,30.2675,-97.7612
1,3202.2,0.0,00:13:42.6,00:02:12.2,3.78,00:00:00.0,0.00,21,271,11.08,0.00,126,192,-68,8,45,14,273,560,549,0,30.2675,-97.7611
1,3212.9,0.0,00:13:45.4,00:02:13.3,3.75,00:00:00.0,0.00,20,272,10.72,0.00,127,187,-68,7,43,11,254,556,571,-7,30.2674,-97.761
1,3224.5,0.0,00:13:48.4,00:02:11.2,3.81,00:00:00.0,0.00,20,273,11.57,0.00,127,185,-68,8,45,13,260,546,559,1,30.2674,-97.7609
1,3235.3,0.0,00:13:51.2,00:02:10.5,3.83,00:00:00.0,0.00,20,274,10.83,0.00,128,177,-69,8,43,14,253,532,567,-11,30.2673,-97.7608
1,3247.3,0.0,00:13:54.4,00:02:10.5,3.83,00:00:00.0,0.00,20,275,12.03,0.00,128,187,-68,9,44,13,246,563,569,-6,30.2673,-97.7606
1,3258.3,0.0,00:13:57.2,00:02:09.8,3.85,00:00:00.0,0.00,20,276,10.95,0.00,128,188,-68,10,44,17,251,542,570,-9,30.2672,-97.7605
1,3269.9,0.0,00:14:00.2,00:02:09.5,3.86,00:00:00.0,0.00,20,277,11.58,0.00,128,193,-68,7,44,16,259,575,583,-4,30.2672,-97.7604
1,3281.5,0.0,00:14:03.2,00:02:09.5,3.86,00:00:00.0,0.00,20,278,11.61,0.00,127,186,-69,8,44,14,253,553,525,-9,30.2672,-97.7603
1,3293.2,0.0,00:14:06.2,00:02:09.1,3.87,00:00:00.0,0.00,20,279,11.66,0.00,126,195,-69,7,44,13,277,569,557,-8,30.2671,-97.7602
1,3304.9,0.0,00:14:09.2,00:02:09.1,3.87,00:00:00.0,0.00,20,280,11.71,0.00,129,208,-70,6,47,11,291,644,625,-8,30.2671,-97.7601
1,3317.9,0.0,00:14:12.6,00:02:09.5,3.86,00:00:00.0,0.00,18,281,13.00,0.00,129,140,-68,7,44,18,237,475,484,-9,30.267,-97.76
1,3329.4,0.0,00:14:15.6,00:02:10.2,3.84,00:00:00.0,0.00,20,282,11.55,0.00,129,175,-69,8,46,15,232,526,527,-5,30.267,-97.7599
1,3341.1,0.0,00:14:18.6,00:02:09.8,3.85,00:00:00.0,0.00,20,283,11.69,0.00,129,177,-68,6,44,13,254,538,541,-9,30.2669,-97.7597
1,3352.6,0.0,00:14:21.6,00:02:09.8,3.85,00:00:00.0,0.00,20,284,11.54,0.00,130,191,-68,7,44,15,274,562,543,-8,30.2669,-97.7596
1,3364.1,0.0,00:14:24.6,00:02:10.5,3.83,00:00:00.0,0.00,20,285,11.50,0.00,131,190,-70,10,45,14,254,593,604,-5,30.2669,-97.7595
1,3375.8,0.0,00:14:27.6,00:02:09.8,3.85,00:00:00.0,0.00,20,286,11.62,0.00,127,204,-69,8,44,15,291,601,584,-8,30.2668,-97.7594
1,3387.4,0.0,00:14:30.6,00:02:08.8,3.88,00:00:00.0,0.00,20,287,11.66,0.00,126,187,-69,7,47,15,264,568,559,-4,30.2668,-97.7593
1,3399.0,0.0,00:14:33.6,00:02:08.5,3.89,00:00:00.0,0.00,20,288,11.57,0.00,124,202,-71,9,45,13,284,606,575,-5,30.2667,-97.7592
1,3411.2,0.0,00:14:36.8,00:02:09.1,3.87,00:00:00.0,0.00,20,289,12.22,0.00,123,181,-69,9,44,15,268,549,571,-7,30.2667,-97.7591
1,3422.8,0.0,00:14:39.8,00:02:09.8,3.85,00:00:00.0,0.00,20,290,11.56,0.00,122,184,-69,7,46,14,257,582,544,-4,30.2666,-97.759
1,3435.1,0.0,00:14:43.0,00:02:10.5,3.83,00:00:00.0,0.00,18,291,12.34,0.00,122,153,-69,8,43,14,249,498,491,-10,30.2666,-97.7589
1,3446.4,0.0,00:14:46.0,00:02:12.6,3.77,00:00:00.0,0.00,20,292,11.31,0.00,122,187,-68,9,44,14,259,556,563,-10,30.2665,-97.7588
1,3458.0,0.0,00:14:49.0,00:02:11.9,3.79,00:00:00.0,0.00,20,293,11.56,0.00,121,203,-69,7,45,12,280,604,614,-8,30.2665,-97.7587
1,3469.6,0.0,00:14:52.0,00:02:09.5,3.86,00:00:00.0,0.00,20,294,11.57,0.00,122,201,-68,8,43,11,278,592,571,-8,30.2664,-97.7585
1,3481.3,0.0,00:14:55.0,00:02:09.8,3.85,00:00:00.0,0.00,20,295,11.71,0.00,123,177,-66,7,44,17,264,526,529,-9,30.2664,-97.7584
1,3492.8,0.0,00:14:58.0,00:02:10.5,3.83,00:00:00.0,0.00,20,296,11.56,0.00,123,203,-70,9,44,12,309,611,604,-4,30.2663,-97.7583
1,3505.9,0.0,00:15:01.4,00:02:10.5,3.83,00:00:00.0,0.00,18,297,13.11,0.00,123,167,-69,7,45,12,278,587,545,-7,30.2663,-97.7582
1,3517.5,0.0,00:15:04.4,00:02:12.9,3.76,00:00:00.0,0.00,20,298,11.56,0.00,124,180,-68,9,46,15,257,525,511,-12,30.2662,-97.7581
1,3529.0,0.0,00:15:07.4,00:02:14.0,3.73,00:00:00.0,0.00,20,299,11.50,0.00,124,194,-69,9,45,15,277,570,571,-6,30.2662,-97.758
1,3540.7,0.0,00:15:10.4,00:02:12.9,3.76,00:00:00.0,0.00,20,300,11.68,0.00,124,192,-69,8,47,15,284,590,596,-8,30.2661,-97.7579
1,3552.2,0.0,00:15:13.4,00:02:12.9,3.76,00:00:00.0,0.00,20,301,11.53,0.00,123,179,-69,12,44,14,266,545,536,-10,30.2661,-97.7578
1,3563.7,0.0,00:15:16.4,00:02:13.6,3.74,00:00:00.0,0.00,20,302,11.52,0.00,122,202,-68,7,45,12,296,607,603,-8,30.266,-97.7577
1,3576.6,0.0,00:15:20.0,00:02:14.4,3.72,00:00:00.0,0.00,18,303,12.85,0.00,121,173,-68,8,45,13,287,588,586,-4,30.266,-97.7576
1,3587.4,0.0,00:15:22.6,00:02:13.3,3.75,00:00:00.0,0.00,21,304,10.80,0.00,122,194,-69,7,45,13,267,555,539,-9,30.266,-97.7575
1,3599.0,0.0,00:15:25.6,00:02:11.2,3.81,00:00:00.0,0.00,20,305,11.62,0.00,122,194,-70,8,45,14,261,611,612,-5,30.2659,-97.7573
1,3611.3,0.0,00:15:29.1,00:02:10.2,3.84,00:00:00.0,0.00,20,306,12.26,0.00,124,202,-70,9,46,13,280,600,597,-9,30.2659,-97.7572
1,3623.0,0.0,00:15:32.1,00:02:10.5,3.83,00:00:00.0,0.00,18,307,11.77,0.00,124,163,-67,7,45,13,261,544,537,-3,30.2658,-97.7571
1,3634.3,0.0,00:15:35.1,00:02:10.2,3.84,00:00:00.0,0.00,20,308,11.30,0.00,125,189,-69,7,44,12,278,562,537,-8,30.2658,-97.757
1,3645.8,0.0,00:15:38.0,00:02:08.5,3.89,00:00:00.0,0.00,20,309,11.52,0.00,125,207,-69,9,44,16,291,597,577,-5,30.2657,-97.7569
1,3657.5,0.0,00:15:41.1,00:02:08.2,3.90,00:00:00.0,0.00,19,310,11.63,0.00,124,191,-69,7,45,14,303,615,575,-10,30.2657,-97.7568
1,3669.2,0.0,00:15:44.0,00:02:06.5,3.95,00:00:00.0,0.00,21,311,11.73,0.00,124,198,-70,8,43,15,265,577,568,-5,30.2656,-97.7567
1,3680.7,0.0,00:15:47.0,00:02:05.3,3.99,00:00:00.0,0.00,20,312,11.52,0.00,124,207,-70,8,47,14,285,602,594,-4,30.2656,-97.7566
1,3693.8,0.0,00:15:50.3,00:02:07.5,3.92,00:00:00.0,0.00,18,313,13.10,0.00,125,189,-68,8,45,13,283,635,619,-4,30.2655,-97.7565
1,3704.3,0.0,00:15:53.0,00:02:07.5,3.92,00:00:00.0,0.00,21,314,10.47,0.00,125,223,-70,8,42,10,297,617,611,-10,30.2655,-97.7564
1,3717.3,0.0,00:15:56.3,00:02:05.6,3.98,00:00:00.0,0.00,19,315,13.00,0.00,127,171,-68,7,44,14,271,545,542,-6,30.2655,-97.7562
1,3727.4,0.0,00:15:59.0,00:02:06.5,3.95,00:00:00.0,0.00,21,316,10.13,0.00,128,194,-68,7,45,15,268,547,527,-7,30.2654,-97.7561
1,3739.7,0.0,00:16:02.1,00:02:08.2,3.90,00:00:00.0,0.00,19,317,12.28,0.00,128,171,-68,5,44,13,271,554,516,-5,30.2654,-97.756
1,3750.8,0.0,00:16:05.1,00:02:09.8,3.85,00:00:00.0,0.00,22,318,11.06,0.00,128,196,-70,7,47,12,252,572,517,-10,30.2653,-97.7559
1,3761.6,0.0,00:16:08.0,00:02:10.8,3.82,00:00:00.0,0.00,20,319,10.87,0.00,128,206,-73,8,44,12,265,619,586,-9,30.2653,-97.7558
1,3773.8,0.0,00:16:11.1,00:02:09.1,3.87,00:00:00.0,0.00,20,320,12.15,0.00,128,194,-69,9,45,14,271,554,583,-5,30.2653,-97.7557
1,3784.7,0.0,00:16:14.1,00:02:07.8,3.91,00:00:00.0,0.00,20,321,10.94,0.00,128,193,-71,10,46,14,281,580,550,-9,30.2652,-97.7556
1,3798.4,0.0,00:16:17.4,00:02:08.2,3.90,00:00:00.0,0.00,18,322,13.66,0.00,131,178,-69,8,46,10,279,605,588,-3,30.2652,-97.7555
1,3809.2,0.0,00:16:20.3,00:02:09.1,3.87,00:00:00.0,0.00,21,323,10.82,0.00,131,189,-69,8,45,15,252,546,550,-10,30.2651,-97.7554
1,3820.3,0.0,00:16:23.2,00:02:08.2,3.90,00:00:00.0,0.00,20,324,11.10,0.00,132,191,-71,10,46,15,268,551,519,-4,30.2651,-97.7553
1,3834.0,0.0,00:16:26.6,00:02:07.5,3.92,00:00:00.0,0.00,18,325,13.74,0.00,130,171,-68,6,45,11,287,596,556,-9,30.265,-97.7551
1,3845.6,0.0,00:16:29.6,00:02:09.8,3.85,00:00:00.0,0.00,20,326,11.55,0.00,130,197,-72,10,46,12,271,573,560,-7,30.265,-97.755
1,3857.4,0.0,00:16:32.6,00:02:09.5,3.86,00:00:00.0,0.00,20,327,11.80,0.00,130,166,-68,8,44,13,227,485,459,0,30.265,-97.7549
1,3867.9,0.0,00:16:35.3,00:02:07.2,3.93,00:00:00.0,0.00,22,328,10.56,0.00,130,171,-70,8,45,16,247,484,469,-3,30.2649,-97.7548
1,3879.6,0.0,00:16:38.4,00:02:05.9,3.97,00:00:00.0,0.00,18,329,11.65,0.00,129,161,-69,5,44,14,260,522,438,-16,30.2649,-97.7547
1,3890.5,0.0,00:16:41.3,00:02:10.5,3.83,00:00:00.0,0.00,21,330,10.90,0.00,129,205,-71,7,45,13,263,572,517,-8,30.2649,-97.7546
1,3902.4,0.0,00:16:44.3,00:02:09.1,3.87,00:00:00.0,0.00,21,331,11.90,0.00,128,244,-73,6,46,10,331,718,620,-5,30.2648,-97.7545
1,3914.5,0.0,00:16:47.3,00:02:03.4,4.05,00:00:00.0,0.00,20,332,12.13,0.00,128,198,-71,8,44,14,285,594,574,-7,30.2648,-97.7543
1,3927.1,0.0,00:16:50.3,00:02:02.2,4.09,00:00:00.0,0.00,20,333,12.58,0.00,128,194,-70,7,45,14,276,583,596,-6,30.2647,-97.7542
1,3941.5,0.0,00:16:53.6,00:02:01.3,4.12,00:00:00.0,0.00,18,334,14.35,0.00,126,126,-69,7,44,18,209,435,408,-5,30.2647,-97.7541
1,3953.4,0.0,00:16:56.6,00:02:03.1,4.06,00:00:00.0,0.00,20,335,11.96,0.00,126,214,-70,8,46,15,286,616,611,-1,30.2646,-97.754
1,3965.6,0.0,00:16:59.6,00:02:04.0,4.03,00:00:00.0,0.00,20,336,12.21,0.00,126,199,-72,9,46,16,290,586,540,-11,30.2646,-97.7539
1,3977.9,0.0,00:17:02.6,00:02:03.4,4.05,00:00:00.0,0.00,20,337,12.24,0.00,127,200,-69,7,46,14,299,612,584,-5,30.2646,-97.7537
1,3989.9,0.0,00:17:05.6,00:02:04.3,4.02,00:00:00.0,0.00,20,338,12.07,0.00,128,213,-71,6,44,11,304,621,557,-8,30.2645,-97.7536
1,4002.3,0.0,00:17:08.6,00:02:03.7,4.04,00:00:00.0,0.00,20,339,12.31,0.00,128,214,-69,5,46,13,297,631,575,-8,30.2645,-97.7535
1,4014.0,0.0,00:17:11.4,00:02:02.2,4.09,00:00:00.0,0.00,20,340,11.72,0.00,127,230,-71,6,46,13,309,685,646,-5,30.2644,-97.7534
1,4026.4,0.0,00:17:14.4,00:02:01.0,4.13,00:00:00.0,0.00,20,341,12.45,0.00,127,201,-70,6,47,13,285,597,555,-7,30.2644,-97.7533
1,4038.7,0.0,00:17:17.4,00:02:00.7,4.14,00:00:00.0,0.00,20,342,12.32,0.00,126,186,-69,8,47,14,272,560,502,-12,30.2643,-97.7532
1,4052.5,0.0,00:17:20.8,00:02:01.9,4.10,00:00:00.0,0.00,18,343,13.72,0.00,126,159,-69,7,43,14,265,529,509,-6,30.2643,-97.753
1,4064.4,0.0,00:17:23.8,00:02:04.6,4.01,00:00:00.0,0.00,20,344,11.98,0.00,127,186,-69,9,44,12,244,570,557,-3,30.2643,-97.7529
1,4076.0,0.0,00:17:26.6,00:02:04.6,4.01,00:00:00.0,0.00,20,345,11.54,0.00,127,202,-72,7,44,14,278,583,566,-11,30.2642,-97.7528
1,4088.9,0.0,00:17:29.8,00:02:02.8,4.07,00:00:00.0,0.00,20,346,12.91,0.00,128,189,-69,7,46,15,266,562,557,-6,30.2642,-97.7527
1,4100.6,0.0,00:17:32.6,00:02:02.5,4.08,00:00:00.0,0.00,20,347,11.70,0.00,128,219,-72,7,45,12,309,673,631,-8,30.2641,-97.7526
1,4113.4,0.0,00:17:35.8,00:02:02.5,4.08,00:00:00.0,0.00,20,348,12.85,0.00,129,182,-70,9,44,16,272,557,547,-4,30.2641,-97.7524
1,4125.7,0.0,00:17:38.8,00:02:02.8,4.07,00:00:00.0,0.00,20,349,12.22,0.00,129,184,-70,8,44,14,249,574,553,-11,30.2641,-97.7523
1,4137.9,0.0,00:17:41.8,00:02:03.4,4.05,00:00:00.0,0.00,20,350,12.22,0.00,128,199,-71,8,46,15,280,575,555,-5,30.264,-97.7522
1,4150.3,0.0,00:17:44.8,00:02:03.4,4.05,00:00:00.0,0.00,20,351,12.38,0.00,128,186,-71,7,44,12,275,564,507,-4,30.264,-97.7521
1,4162.6,0.0,00:17:47.8,00:02:03.1,4.06,00:00:00.0,0.00,20,352,12.36,0.00,129,175,-72,6,44,15,254,521,484,-3,30.2639,-97.752
1,4175.7,0.0,00:17:51.0,00:02:03.4,4.05,00:00:00.0,0.00,19,353,13.04,0.00,129,172,-69,5,44,14,278,554,550,-11,30.2639,-97.7518
1,4187.7,0.0,00:17:54.0,00:02:03.4,4.05,00:00:00.0,0.00,20,354,12.06,0.00,129,181,-70,9,47,13,255,533,499,-2,30.2638,-97.7517
1,4200.0,0.0,00:17:57.0,00:02:03.4,4.05,00:00:00.0,0.00,20,355,12.27,0.00,129,179,-71,17,44,12,259,538,556,-4,30.2638,-97.7516
1,4212.1,0.0,00:18:00.0,00:02:04.0,4.03,00:00:00.0,0.00,20,356,12.09,0.00,128,203,-72,7,45,13,300,622,583,-4,30.2638,-97.7515
1,4224.2,0.0,00:18:03.0,00:02:04.6,4.01,00:00:00.0,0.00,20,357,12.08,0.00,129,198,-73,9,44,14,267,614,600,-11,30.2637,-97.7514
1,4236.3,0.0,00:18:06.0,00:02:04.0,4.03,00:00:00.0,0.00,20,358,12.11,0.00,130,241,-74,8,45,16,326,696,648,-9,30.2637,-97.7512
1,4248.5,0.0,00:18:09.0,00:02:03.1,4.06,00:00:00.0,0.00,20,359,12.27,0.00,130,204,-74,6,44,14,300,614,590,-8,30.2636,-97.7511
1,4260.6,0.0,00:18:12.0,00:02:03.7,4.04,00:00:00.0,0.00,20,360,12.05,0.00,130,200,-71,8,46,12,290,619,585,-6,30.2636,-97.751
1,4272.6,0.0,00:18:15.0,00:02:04.6,4.01,00:00:00.0,0.00,20,361,12.04,0.00,129,202,-71,8,45,15,289,601,598,-12,30.2636,-97.7509
1,4286.0,0.0,00:18:18.4,00:02:05.6,3.98,00:00:00.0,0.00,17,362,13.35,0.00,128,151,-69,8,44,15,242,535,526,-6,30.2635,-97.7508
1,4298.1,0.0,00:18:21.4,00:02:07.2,3.93,00:00:00.0,0.00,21,363,12.13,0.00,128,168,-69,11,44,17,224,491,502,-9,30.2635,-97.7506
1,4310.1,0.0,00:18:24.4,00:02:06.9,3.94,00:00:00.0,0.00,20,364,11.95,0.00,128,186,-71,9,44,15,261,558,539,-4,30.2634,-97.7505
1,4322.0,0.0,00:18:27.4,00:02:06.2,3.96,00:00:00.0,0.00,20,365,11.95,0.00,128,186,-70,8,43,13,253,560,538,-6,30.2634,-97.7504
1,4333.9,0.0,00:18:30.4,00:02:06.9,3.94,00:00:00.0,0.00,20,366,11.86,0.00,129,209,-71,8,45,15,290,603,578,-10,30.2634,-97.7503
1,4345.8,0.0,00:18:33.4,00:02:06.9,3.94,00:00:00.0,0.00,20,367,11.91,0.00,130,194,-71,8,45,14,268,607,585,-2,30.2633,-97.7502
1,4357.8,0.0,00:18:36.4,00:02:06.5,3.95,00:00:00.0,0.00,20,368,11.97,0.00,131,208,-71,8,44,12,281,630,596,-9,30.2633,-97.7501
1,4369.6,0.0,00:18:39.4,00:02:06.2,3.96,00:00:00.0,0.00,20,369,11.80,0.00,130,208,-70,7,45,12,295,611,582,-8,30.2632,-97.75
1,4381.3,0.0,00:18:42.4,00:02:06.2,3.96,00:00:00.0,0.00,20,370,11.78,0.00,129,179,-69,7,45,14,243,554,526,-4,30.2632,-97.7498
1,4394.4,0.0,00:18:45.8,00:02:07.5,3.92,00:00:00.0,0.00,18,371,13.04,0.00,127,183,-70,6,45,14,302,599,565,-9,30.2632,-97.7497
1,4405.8,0.0,00:18:48.8,00:02:09.1,3.87,00:00:00.0,0.00,20,372,11.43,0.00,127,203,-71,8,45,12,279,599,547,2,30.2631,-97.7496
1,4417.4,0.0,00:18:51.8,00:02:08.8,3.88,00:00:00.0,0.00,20,373,11.63,0.00,127,194,-70,7,45,12,283,593,552,-15,30.2631,-97.7495
1,4429.1,0.0,00:18:54.8,00:02:08.8,3.88,00:00:00.0,0.00,20,374,11.63,0.00,127,195,-68,9,44,12,282,590,589,-8,30.263,-97.7494
1,4442.3,0.0,00:18:58.2,00:02:09.8,3.85,00:00:00.0,0.00,18,375,13.22,0.00,127,184,-68,5,45,13,305,626,577,-4,30.263,-97.7493
1,4453.7,0.0,00:19:01.2,00:02:12.2,3.78,00:00:00.0,0.00,21,376,11.44,0.00,127,208,-69,6,45,11,276,613,595,-11,30.263,-97.7491
1,4465.4,0.0,00:19:04.2,00:02:12.9,3.76,00:00:00.0,0.00,20,377,11.70,0.00,127,196,-68,8,46,14,282,594,573,-4,30.2629,-97.749
1,4477.1,0.0,00:19:07.2,00:02:11.2,3.81,00:00:00.0,0.00,20,378,11.68,0.00,127,195,-69,6,43,13,280,591,582,-6,30.2629,-97.7489
1,4489.6,0.0,00:19:10.4,00:02:11.2,3.81,00:00:00.0,0.00,18,379,12.47,0.00,127,179,-69,8,45,13,273,596,607,-8,30.2629,-97.7488
1,4501.4,0.0,00:19:13.4,00:02:11.2,3.81,00:00:00.0,0.00,20,380,11.80,0.00,126,213,-70,8,46,14,290,614,596,-5,30.2628,-97.7487
1,4513.2,0.0,00:19:16.4,00:02:09.8,3.85,00:00:00.0,0.00,20,381,11.85,0.00,126,209,-70,7,45,13,295,623,605,-8,30.2628,-97.7486
1,4525.9,0.0,00:19:19.6,00:02:09.5,3.86,00:00:00.0,0.00,18,382,12.65,0.00,125,170,-69,6,43,14,264,557,540,-7,30.2627,-97.7484
1,4537.6,0.0,00:19:22.6,00:02:09.5,3.86,00:00:00.0,0.00,20,383,11.77,0.00,124,219,-72,8,45,15,305,644,631,-8,30.2627,-97.7483
1,4549.8,0.0,00:19:26.1,00:02:09.8,3.85,00:00:00.0,0.00,18,384,12.14,0.00,125,169,-69,7,44,17,256,558,540,-5,30.2627,-97.7482
1,4559.8,0.0,00:19:29.1,00:02:14.4,3.72,00:00:00.0,0.00,20,385,10.06,0.00,125,185,-69,10,45,17,258,528,496,-8,30.2626,-97.7481
1,4569.0,0.0,00:19:31.6,00:02:24.9,3.45,00:00:00.0,0.00,20,386,9.17,0.00,128,188,-71,7,44,15,269,555,551,-7,30.2626,-97.748
1,4583.1,0.0,00:19:35.1,00:02:24.0,3.47,00:00:00.0,0.00,18,387,14.06,0.00,127,145,-70,12,45,16,230,481,466,-2,30.2626,-97.7479
1,4595.2,0.0,00:19:38.1,00:02:11.9,3.79,00:00:00.0,0.00,20,388,12.11,0.00,128,188,-69,8,45,12,258,564,541,-2,30.2625,-97.7478
1,4608.3,0.0,00:19:41.3,00:02:08.8,3.88,00:00:00.0,0.00,18,389,13.15,0.00,127,183,-70,7,44,14,287,620,592,-11,30.2624,-97.7477
1,4620.5,0.0,00:19:44.4,00:02:10.5,3.83,00:00:00.0,0.00,20,390,12.13,0.00,127,210,-71,9,46,15,284,619,610,-1,30.2624,-97.7475
1,4631.6,0.0,00:19:47.3,00:02:09.5,3.86,00:00:00.0,0.00,20,391,11.12,0.00,127,215,-71,7,45,14,303,625,608,-6,30.2623,-97.7474
1,4642.7,0.0,00:19:50.2,00:02:07.5,3.92,00:00:00.0,0.00,20,392,11.16,0.00,127,220,-71,7,45,16,292,662,627,-9,30.2623,-97.7473
1,4654.6,0.0,00:19:53.2,00:02:05.9,3.97,00:00:00.0,0.00,20,393,11.86,0.00,127,215,-71,10,45,12,273,646,641,-9,30.2622,-97.7472
1,4667.4,0.0,00:19:56.3,00:02:05.3,3.99,00:00:00.0,0.00,18,394,12.79,0.00,128,187,-69,9,44,14,291,583,566,-7,30.2622,-97.7471
1,4678.9,0.0,00:19:59.3,00:02:06.5,3.95,00:00:00.0,0.00,20,395,11.54,0.00,128,202,-71,7,44,15,274,594,569,-9,30.2621,-97.747
1,4691.2,0.0,00:20:02.4,00:02:06.9,3.94,00:00:00.0,0.00,20,396,12.26,0.00,128,194,-72,7,45,13,268,607,565,-5,30.2621,-97.7469
1,4702.9,0.0,00:20:05.4,00:02:06.9,3.94,00:00:00.0,0.00,20,397,11.68,0.00,129,235,-72,6,45,15,324,678,658,-8,30.262,-97.7468
1,4714.0,0.0,00:20:08.3,00:02:06.5,3.95,00:00:00.0,0.00,20,398,11.15,0.00,129,219,-74,10,45,14,307,650,629,-10,30.2619,-97.7467
1,4727.0,0.0,00:20:11.6,00:02:06.9,3.94,00:00:00.0,0.00,18,399,13.00,0.00,129,195,-70,8,47,14,307,650,610,-4,30.2619,-97.7466
1,4738.8,0.0,00:20:14.6,00:02:08.5,3.89,00:00:00.0,0.00,20,400,11.73,0.00,128,226,-72,7,45,15,312,664,626,-7,30.2618,-97.7465
1,4750.8,0.0,00:20:17.6,00:02:08.5,3.89,00:00:00.0,0.00,20,401,12.00,0.00,130,217,-72,7,45,11,291,679,648,-7,30.2618,-97.7464
1,4762.9,0.0,00:20:20.6,00:02:07.2,3.93,00:00:00.0,0.00,20,402,12.12,0.00,130,218,-71,10,45,13,286,634,627,-9,30.2617,-97.7463
1,4775.6,0.0,00:20:23.8,00:02:07.2,3.93,00:00:00.0,0.00,18,403,12.74,0.00,130,194,-69,7,43,12,302,636,641,-6,30.2617,-97.7462
1,4787.2,0.0,00:20:26.8,00:02:08.2,3.90,00:00:00.0,0.00,20,404,11.55,0.00,131,209,-69,6,45,12,281,622,619,-8,30.2616,-97.7461
1,4798.8,0.0,00:20:29.8,00:02:08.5,3.89,00:00:00.0,0.00,20,405,11.64,0.00,131,224,-69,6,47,15,307,659,619,-10,30.2616,-97.746
1,4811.5,0.0,00:20:33.0,00:02:08.5,3.89,00:00:00.0,0.00,18,406,12.74,0.00,131,185,-69,6,46,15,310,621,581,-9,30.2615,-97.7458
1,4823.1,0.0,00:20:36.0,00:02:09.1,3.87,00:00:00.0,0.00,20,407,11.51,0.00,131,230,-72,7,43,8,294,684,631,-11,30.2614,-97.7457
1,4834.7,0.0,00:20:39.0,00:02:09.5,3.86,00:00:00.0,0.00,20,408,11.62,0.00,131,197,-71,10,44,11,280,574,547,-7,30.2614,-97.7456
1,4846.1,0.0,00:20:42.0,00:02:09.8,3.85,00:00:00.0,0.00,20,409,11.40,0.00,132,205,-71,8,45,13,291,617,578,-9,30.2613,-97.7455
1,4857.9,0.0,00:20:45.2,00:02:11.2,3.81,00:00:00.0,0.00,18,410,11.78,0.00,135,184,-69,8,45,14,275,608,575,-5,30.2613,-97.7454
1,4870.0,0.0,00:20:48.2,00:02:11.9,3.79,00:00:00.0,0.00,21,411,12.19,0.00,136,183,-70,9,45,13,259,528,501,0,30.2612,-97.7453
1,4882.0,0.0,00:20:51.2,00:02:09.5,3.86,00:00:00.0,0.00,20,412,11.96,0.00,133,169,-69,7,45,14,241,508,482,-1,30.2612,-97.7452
1,4893.5,0.0,00:20:54.2,00:02:08.8,3.88,00:00:00.0,0.00,20,413,11.49,0.00,133,188,-70,8,46,12,270,577,546,-5,30.2611,-97.7451
1,4905.6,0.0,00:20:57.4,00:02:09.8,3.85,00:00:00.0,0.00,18,414,12.09,0.00,133,175,-69,7,44,14,283,558,519,-13,30.2611,-97.745
1,4917.0,0.0,00:21:00.4,00:02:09.8,3.85,00:00:00.0,0.00,20,415,11.46,0.00,132,193,-71,6,44,13,275,574,544,-1,30.261,-97.7449
1,4928.6,0.0,00:21:03.4,00:02:09.5,3.86,00:00:00.0,0.00,20,416,11.61,0.00,131,189,-71,8,45,13,284,592,567,-12,30.261,-97.7448
1,4940.3,0.0,00:21:06.4,00:02:09.5,3.86,00:00:00.0,0.00,20,417,11.65,0.00,131,213,-71,9,45,11,296,633,613,-7,30.2609,-97.7447
1,4953.2,0.0,00:21:09.8,00:02:08.8,3.88,00:00:00.0,0.00,18,418,12.93,0.00,130,184,-70,7,44,13,292,607,548,-13,30.2609,-97.7446
1,4964.8,0.0,00:21:12.8,00:02:08.8,3.88,00:00:00.0,0.00,20,419,11.61,0.00,130,209,-70,9,45,12,289,616,617,-4,30.2608,-97.7445
1,4975.9,0.0,00:21:15.6,00:02:08.2,3.90,00:00:00.0,0.00,20,420,11.03,0.00,130,217,-72,7,45,13,296,646,633,-5,30.2607,-97.7444
1,4988.1,0.0,00:21:18.8,00:02:07.5,3.92,00:00:00.0,0.00,20,421,12.26,0.00,130,217,-70,6,47,14,312,658,628,-8,30.2607,-97.7443
1,5000.0,0.0,00:21:21.8,00:02:07.8,3.91,00:00:00.0,0.00,20,422,11.84,0.00,130,185,-70,7,44,12,266,557,528,-4,30.2606,-97.7442
1,5011.7,0.0,00:21:24.8,00:02:08.8,3.88,00:00:00.0,0.00,18,423,11.73,0.00,131,150,-69,8,45,16,239,488,437,-6,30.2605,-97.7441
1,5023.4,0.0,00:21:27.8,00:02:10.5,3.83,00:00:00.0,0.00,20,424,11.65,0.00,131,202,-70,7,46,14,284,595,571,-5,30.2604,-97.744
1,5035.2,0.0,00:21:30.8,00:02:09.8,3.85,00:00:00.0,0.00,20,425,11.83,0.00,130,211,-69,7,45,12,301,622,605,-4,30.2604,-97.7439
1,5047.7,0.0,00:21:34.0,00:02:08.5,3.89,00:00:00.0,0.00,18,426,12.49,0.00,130,131,-67,7,43,18,222,434,418,-19,30.2603,-97.7438
1,5059.0,0.0,00:21:37.0,00:02:11.2,3.81,00:00:00.0,0.00,20,427,11.37,0.00,130,172,-69,7,45,16,239,507,499,-6,30.2602,-97.7438
1,5070.7,0.0,00:21:40.0,00:02:12.6,3.77,00:00:00.0,0.00,20,428,11.63,0.00,132,186,-70,9,44,14,272,558,552,-10,30.2601,-97.7437
1,5083.6,0.0,00:21:43.4,00:02:12.6,3.77,00:00:00.0,0.00,17,429,12.92,0.00,135,149,-68,6,43,12,253,520,494,-4,30.2601,-97.7436
1,---,---,---,---,---,---,---,---,429,---,---,---,0,0,---,6,---,4,0,18,0,---,---
1,5096.3,0.0,00:21:47.1,00:02:15.8,3.68,00:00:00.0,0.00,16,430,12.66,0.00,135,191,-68,6,43,20,210,442,414,-18,30.26,-97.7435
1,5107.1,0.0,00:21:50.1,00:02:16.6,3.66,00:00:00.0,0.00,20,431,10.81,0.00,134,163,-68,12,42,12,226,462,476,-12,30.2599,-97.7435
1,---,---,---,---,---,---,---,---,431,---,---,---,---,-3,---,4,---,-5,---,2,-3,---,---
1,5120.9,0.0,00:21:53.6,00:02:14.4,3.72,00:00:00.0,0.00,16,432,13.87,0.00,131,243,-69,7,45,13,270,541,484,-6,30.2598,-97.7434
1,5131.8,0.0,00:21:56.6,00:02:16.6,3.66,00:00:00.0,0.00,21,433,10.86,0.00,130,218,-71,7,45,11,306,636,586,-7,30.2597,-97.7433
1,5143.3,0.0,00:21:59.6,00:02:15.5,3.69,00:00:00.0,0.00,20,434,11.53,0.00,130,195,-71,7,45,15,290,587,559,-2,30.2596,-97.7433
1,5156.2,0.0,00:22:03.0,00:02:11.9,3.79,00:00:00.0,0.00,18,435,12.91,0.00,129,158,-67,9,45,14,243,536,531,-1,30.2595,-97.7432
1,5167.7,0.0,00:22:06.0,00:02:11.9,3.79,00:00:00.0,0.00,20,436,11.51,0.00,129,191,-69,7,43,13,254,569,547,-10,30.2594,-97.7431
1,5179.3,0.0,00:22:09.0,00:02:11.9,3.79,00:00:00.0,0.00,20,437,11.53,0.00,129,173,-67,8,45,12,258,516,492,-6,30.2593,-97.7431
1,5190.8,0.0,00:22:12.0,00:02:11.5,3.80,00:00:00.0,0.00,20,438,11.49,0.00,128,199,-68,5,45,11,285,591,548,-5,30.2592,-97.743
1,5201.9,0.0,00:22:14.8,00:02:10.8,3.82,00:00:00.0,0.00,20,439,11.13,0.00,127,187,-71,7,44,15,272,563,544,-12,30.2591,-97.743
1,5214.2,0.0,00:22:18.0,00:02:09.5,3.86,00:00:00.0,0.00,20,440,12.34,0.00,127,192,-70,6,45,14,278,567,536,-9,30.259,-97.7429
1,5225.4,0.0,00:22:20.8,00:02:08.5,3.89,00:00:00.0,0.00,20,441,11.16,0.00,127,208,-72,9,45,14,300,617,580,-10,30.259,-97.7429
1,5238.5,0.0,00:22:24.2,00:02:08.5,3.89,00:00:00.0,0.00,18,442,13.09,0.00,127,145,-68,8,44,14,248,488,456,-4,30.2588,-97.7428
1,5250.0,0.0,00:22:27.2,00:02:10.2,3.84,00:00:00.0,0.00,20,443,11.48,0.00,128,234,-70,5,46,14,329,688,661,-5,30.2588,-97.7427
1,5261.7,0.0,00:22:30.2,00:02:10.2,3.84,00:00:00.0,0.00,20,444,11.70,0.00,128,206,-70,6,44,15,302,606,592,-8,30.2587,-97.7427
1,5273.1,0.0,00:22:33.2,00:02:09.5,3.86,00:00:00.0,0.00,20,445,11.47,0.00,129,191,-69,8,45,14,270,602,603,-5,30.2586,-97.7427
1,5284.1,0.0,00:22:36.0,00:02:10.5,3.83,00:00:00.0,0.00,20,446,11.02,0.00,129,187,-70,8,44,15,242,563,575,-8,30.2585,-97.7426
1,5295.6,0.0,00:22:39.0,00:02:11.5,3.80,00:00:00.0,0.00,20,447,11.46,0.00,129,201,-68,6,45,14,270,580,559,-5,30.2584,-97.7426
1,5307.1,0.0,00:22:42.0,00:02:11.2,3.81,00:00:00.0,0.00,21,448,11.45,0.00,128,253,-73,8,47,12,337,723,666,-11,30.2583,-97.7425
1,5318.9,0.0,00:22:45.0,00:02:09.5,3.86,00:00:00.0,0.00,20,449,11.81,0.00,128,229,-75,9,49,13,315,703,632,-5,30.2582,-97.7425
1,5330.7,0.0,00:22:48.0,00:02:08.2,3.90,00:00:00.0,0.00,20,450,11.83,0.00,128,241,-73,6,47,11,340,724,659,-10,30.2581,-97.7425
1,---,---,---,---,---,---,---,---,450,---,---,---,---,2,---,7,---,-23,---,-13,3,---,---
1,5343.2,0.0,00:22:51.2,00:02:08.8,3.88,00:00:00.0,0.00,18,451,12.54,0.00,128,214,-67,9,46,17,216,463,460,3,30.258,-97.7424
1,5354.6,0.0,00:22:54.2,00:02:10.5,3.83,00:00:00.0,0.00,21,452,11.40,0.00,129,198,-70,7,47,15,276,559,557,-4,30.2579,-97.7423
1,5366.2,0.0,00:22:57.2,00:02:11.5,3.80,00:00:00.0,0.00,20,453,11.52,0.00,129,183,-69,7,44,12,252,567,540,-8,30.2578,-97.7423
1,5377.6,0.0,00:23:00.2,00:02:11.2,3.81,00:00:00.0,0.00,20,454,11.47,0.00,129,206,-70,7,45,16,277,599,574,-3,30.2577,-97.7422
1,5389.2,0.0,00:23:03.3,00:02:10.8,3.82,00:00:00.0,0.00,20,455,11.58,0.00,129,216,-71,8,45,12,275,636,605,-8,30.2576,-97.7422
1,5400.2,0.0,00:23:06.0,00:02:09.8,3.85,00:00:00.0,0.00,20,456,11.01,0.00,128,229,-72,8,48,14,316,667,605,-10,30.2575,-97.7421
1,5412.4,0.0,00:23:09.2,00:02:09.8,3.85,00:00:00.0,0.00,20,457,12.15,0.00,128,214,-72,7,46,15,302,649,629,-10,30.2574,-97.7421
1,5423.9,0.0,00:23:12.2,00:02:10.5,3.83,00:00:00.0,0.00,20,458,11.52,0.00,128,212,-71,7,45,12,297,656,607,-4,30.2573,-97.742
1,5435.4,0.0,00:23:15.2,00:02:11.5,3.80,00:00:00.0,0.00,20,459,11.46,0.00,129,230,-71,7,46,10,309,669,637,-7,30.2572,-97.742
1,5446.4,0.0,00:23:18.0,00:02:10.8,3.82,00:00:00.0,0.00,20,460,11.03,0.00,130,235,-73,6,47,11,327,712,593,-5,30.2571,-97.7419
1,5459.2,0.0,00:23:21.4,00:02:10.8,3.82,00:00:00.0,0.00,18,461,12.84,0.00,131,152,-68,8,44,14,265,517,489,-4,30.257,-97.7419
1,5471.3,0.0,00:23:24.6,00:02:11.9,3.79,00:00:00.0,0.00,20,462,12.03,0.00,132,171,-70,6,42,12,250,504,470,-9,30.2569,-97.7418
1,5482.1,0.0,00:23:27.4,00:02:11.5,3.80,00:00:00.0,0.00,20,463,10.84,0.00,133,207,-69,8,45,11,293,603,561,-1,30.2568,-97.7418
1,5493.6,0.0,00:23:30.4,00:02:11.2,3.81,00:00:00.0,0.00,20,464,11.50,0.00,139,193,-69,8,46,12,280,587,564,-5,30.2567,-97.7417
1,5504.9,0.0,00:23:33.4,00:02:12.2,3.78,00:00:00.0,0.00,20,465,11.31,0.00,139,207,-69,7,45,13,293,621,616,-3,30.2567,-97.7417
1,---,---,---,---,---,---,---,---,465,---,---,---,0,4,---,17,---,0,0,19,4,---,---
1,5519.0,0.0,00:23:37.2,00:02:14.0,3.73,00:00:00.0,0.00,16,466,14.11,0.00,139,274,-68,5,45,12,309,634,580,-6,30.2565,-97.7416
1,5530.0,0.0,00:23:40.2,00:02:17.7,3.63,00:00:00.0,0.00,21,467,10.96,0.00,139,182,-70,8,46,13,254,524,502,-10,30.2564,-97.7416
1,5541.2,0.0,00:23:43.2,00:02:18.8,3.60,00:00:00.0,0.00,20,468,11.20,0.00,139,210,-72,7,44,11,298,624,565,-11,30.2563,-97.7416
1,5552.5,0.0,00:23:46.2,00:02:16.2,3.67,00:00:00.0,0.00,20,469,11.32,0.00,139,222,-69,8,46,10,305,653,620,-4,30.2563,-97.7415
1,5565.4,0.0,00:23:49.6,00:02:14.7,3.71,00:00:00.0,0.00,17,470,12.94,0.00,132,167,-69,9,45,11,281,597,573,-5,30.2561,-97.7415
1,5576.6,0.0,00:23:52.6,00:02:15.1,3.70,00:00:00.0,0.00,20,471,11.18,0.00,133,192,-72,8,45,15,270,560,546,-9,30.2561,-97.7414
1,5588.0,0.0,00:23:55.6,00:02:15.5,3.69,00:00:00.0,0.00,20,472,11.43,0.00,133,209,-69,8,44,13,304,621,614,-5,30.256,-97.7414
1,5599.0,0.0,00:23:58.4,00:02:13.6,3.74,00:00:00.0,0.00,21,473,10.99,0.00,132,206,-75,9,46,16,269,625,604,-10,30.2559,-97.7414
1,5611.2,0.0,00:24:01.7,00:02:12.6,3.77,00:00:00.0,0.00,20,474,12.17,0.00,132,227,-73,8,48,14,309,674,620,-7,30.2558,-97.7413
1,5622.7,0.0,00:24:04.6,00:02:12.9,3.76,00:00:00.0,0.00,19,475,11.53,0.00,132,205,-72,9,44,13,293,647,651,-5,30.2557,-97.7413
1,5634.2,0.0,00:24:07.6,00:02:13.6,3.74,00:00:00.0,0.00,20,476,11.44,0.00,130,221,-72,7,45,10,309,663,621,-9,30.2556,-97.7412
1,5645.7,0.0,00:24:10.6,00:02:12.6,3.77,00:00:00.0,0.00,20,477,11.49,0.00,129,215,-70,6,46,15,313,645,605,-5,30.2555,-97.7412
1,5657.8,0.0,00:24:14.1,00:02:11.9,3.79,00:00:00.0,0.00,20,478,12.11,0.00,128,211,-70,6,46,13,302,646,615,-4,30.2554,-97.7412
1,5669.3,0.0,00:24:17.1,00:02:12.9,3.76,00:00:00.0,0.00,18,479,11.54,0.00,128,192,-68,6,45,14,310,629,628,-5,30.2553,-97.7411
1,5680.6,0.0,00:24:20.1,00:02:12.9,3.76,00:00:00.0,0.00,20,480,11.25,0.00,128,233,-71,7,46,13,328,687,654,-9,30.2552,-97.7411
1,5692.1,0.0,00:24:23.1,00:02:10.5,3.83,00:00:00.0,0.00,20,481,11.55,0.00,128,214,-71,6,45,12,306,648,651,-8,30.2551,-97.741
1,5703.6,0.0,00:24:26.1,00:02:09.1,3.87,00:00:00.0,0.00,20,482,11.49,0.00,128,217,-70,7,48,13,308,652,628,-6,30.255,-97.741
1,5715.0,0.0,00:24:29.1,00:02:09.1,3.87,00:00:00.0,0.00,20,483,11.36,0.00,128,221,-71,10,46,11,302,664,639,-5,30.2549,-97.7409
1,5726.5,0.0,00:24:32.1,00:02:09.1,3.87,00:00:00.0,0.00,20,484,11.53,0.00,128,241,-71,6,46,10,333,725,690,-5,30.2548,-97.7409
1,5738.2,0.0,00:24:35.1,00:02:07.8,3.91,00:00:00.0,0.00,20,485,11.68,0.00,130,223,-71,6,45,12,314,662,593,-12,30.2547,-97.7408
1,5750.7,0.0,00:24:38.2,00:02:06.9,3.94,00:00:00.0,0.00,18,486,12.54,0.00,130,197,-70,7,45,14,308,640,621,-5,30.2546,-97.7408
1,5761.7,0.0,00:24:41.1,00:02:06.2,3.96,00:00:00.0,0.00,21,487,10.96,0.00,130,217,-71,9,45,13,295,613,593,-9,30.2545,-97.7407
1,5773.5,0.0,00:24:44.1,00:02:05.6,3.98,00:00:00.0,0.00,20,488,11.82,0.00,130,185,-69,8,45,13,276,567,517,-7,30.2544,-97.7406
1,5785.1,0.0,00:24:47.1,00:02:05.9,3.97,00:00:00.0,0.00,20,489,11.66,0.00,131,200,-71,7,45,13,275,606,569,-4,30.2543,-97.7406
1,5797.0,0.0,00:24:50.1,00:02:06.2,3.96,00:00:00.0,0.00,20,490,11.81,0.00,131,236,-70,6,44,10,329,682,631,-6,30.2543,-97.7405
1,5810.8,0.0,00:24:53.5,00:02:06.5,3.95,00:00:00.0,0.00,18,491,13.79,0.00,131,164,-68,7,45,15,254,582,567,-6,30.2541,-97.7404
1,5822.3,0.0,00:24:56.4,00:02:07.8,3.91,00:00:00.0,0.00,21,492,11.56,0.00,130,218,-70,8,45,13,279,635,626,-4,30.2541,-97.7404
1,5833.4,0.0,00:24:59.3,00:02:07.5,3.92,00:00:00.0,0.00,20,493,11.12,0.00,130,235,-71,8,46,12,310,677,641,-7,30.254,-97.7403
1,5846.6,0.0,00:25:02.6,00:02:07.2,3.93,00:00:00.0,0.00,18,494,13.12,0.00,131,208,-72,6,46,11,329,689,602,0,30.2539,-97.7403
1,5858.1,0.0,00:25:05.6,00:02:08.8,3.88,00:00:00.0,0.00,20,495,11.54,0.00,131,258,-74,7,45,10,342,753,698,-6,30.2538,-97.7402
1,5869.8,0.0,00:25:08.7,00:02:09.5,3.86,00:00:00.0,0.00,20,496,11.74,0.00,132,249,-74,5,48,12,352,779,717,-10,30.2537,-97.7401
1,5881.4,0.0,00:25:11.7,00:02:08.8,3.88,00:00:00.0,0.00,20,497,11.61,0.00,133,237,-73,6,46,10,322,690,605,-9,30.2536,-97.7401
1,5893.1,0.0,00:25:14.6,00:02:08.8,3.88,00:00:00.0,0.00,20,498,11.62,0.00,134,205,-70,8,45,14,269,628,611,-5,30.2535,-97.74
1,5904.1,0.0,00:25:17.4,00:02:07.8,3.91,00:00:00.0,0.00,20,499,11.07,0.00,134,237,-71,6,45,12,319,677,639,-9,30.2534,-97.7399
1,5917.9,0.0,00:25:21.0,00:02:07.8,3.91,00:00:00.0,0.00,16,500,13.78,0.00,135,157,-66,8,45,15,277,556,538,3,30.2533,-97.7398
1,5929.4,0.0,00:25:24.1,00:02:10.2,3.84,00:00:00.0,0.00,20,501,11.45,0.00,135,176,-69,8,42,16,260,528,551,-5,30.2532,-97.7398
1,5940.2,0.0,00:25:26.9,00:02:11.2,3.81,00:00:00.0,0.00,20,502,10.87,0.00,136,202,-68,7,44,14,281,588,575,-6,30.2532,-97.7397
1,5952.4,0.0,00:25:30.0,00:02:09.8,3.85,00:00:00.0,0.00,20,503,12.15,0.00,135,193,-70,8,45,11,277,580,541,-5,30.2531,-97.7396
1,5963.4,0.0,00:25:32.9,00:02:09.5,3.86,00:00:00.0,0.00,20,504,11.04,0.00,136,217,-70,8,45,11,299,638,635,-7,30.253,-97.7396
1,5976.7,0.0,00:25:36.2,00:02:09.1,3.87,00:00:00.0,0.00,18,505,13.25,0.00,136,181,-69,7,45,12,281,624,573,-11,30.2529,-97.7395
1,5988.3,0.0,00:25:39.3,00:02:09.1,3.87,00:00:00.0,0.00,21,506,11.67,0.00,135,225,-70,7,45,13,297,623,598,-5,30.2528,-97.7394
1,5999.7,0.0,00:25:42.1,00:02:08.2,3.90,00:00:00.0,0.00,20,507,11.33,0.00,135,221,-70,8,45,12,313,651,629,-9,30.2527,-97.7394
1,6011.7,0.0,00:25:45.1,00:02:06.5,3.95,00:00:00.0,0.00,20,508,12.01,0.00,136,206,-69,8,46,11,291,612,578,-6,30.2526,-97.7393
1,6023.5,0.0,00:25:48.1,00:02:07.5,3.92,00:00:00.0,0.00,20,509,11.82,0.00,135,209,-71,9,46,15,296,616,593,-6,30.2525,-97.7393
1,6035.3,0.0,00:25:51.0,00:02:08.2,3.90,00:00:00.0,0.00,20,510,11.78,0.00,135,215,-72,8,47,14,312,653,614,-8,30.2524,-97.7392
1,6047.2,0.0,00:25:54.0,00:02:07.8,3.91,00:00:00.0,0.00,20,511,11.94,0.00,134,215,-70,7,46,11,312,660,630,-10,30.2524,-97.7391
1,6059.7,0.0,00:25:57.3,00:02:08.5,3.89,00:00:00.0,0.00,18,512,12.47,0.00,131,183,-69,10,46,13,288,588,557,-3,30.2523,-97.739
1,6071.2,0.0,00:26:00.3,00:02:09.5,3.86,00:00:00.0,0.00,21,513,11.50,0.00,130,204,-69,5,45,13,298,600,582,-9,30.2522,-97.739
1,6082.7,0.0,00:26:03.3,00:02:10.2,3.84,00:00:00.0,0.00,20,514,11.55,0.00,130,211,-70,9,45,12,305,628,624,-4,30.2521,-97.7389
1,6095.6,0.0,00:26:06.7,00:02:10.8,3.82,00:00:00.0,0.00,17,515,12.90,0.00,134,155,-68,9,45,12,273,551,510,-1,30.252,-97.7388
1,6106.9,0.0,00:26:09.7,00:02:13.3,3.75,00:00:00.0,0.00,20,516,11.25,0.00,134,189,-68,7,45,13,267,558,501,-3,30.2519,-97.7387
1,6119.4,0.0,00:26:13.1,00:02:14.4,3.72,00:00:00.0,0.00,18,517,12.50,0.00,136,164,-66,7,44,13,275,547,544,-4,30.2519,-97.7386
1,6130.4,0.0,00:26:16.1,00:02:15.5,3.69,00:00:00.0,0.00,20,518,11.03,0.00,134,192,-69,5,44,14,287,617,573,-6,30.2518,-97.7386
1,6142.2,0.0,00:26:19.3,00:02:16.9,3.65,00:00:00.0,0.00,20,519,11.82,0.00,133,187,-68,8,44,12,258,590,584,-8,30.2517,-97.7385
1,6154.3,0.0,00:26:22.5,00:02:16.2,3.67,00:00:00.0,0.00,18,520,12.08,0.00,133,167,-67,9,44,15,244,541,538,-7,30.2516,-97.7384
1,6165.8,0.0,00:26:25.5,00:02:15.1,3.70,00:00:00.0,0.00,20,521,11.43,0.00,134,202,-71,8,45,16,272,589,577,-7,30.2515,-97.7383
1,6177.2,0.0,00:26:28.4,00:02:14.0,3.73,00:00:00.0,0.00,20,522,11.46,0.00,134,223,-72,9,45,13,303,650,631,-6,30.2515,-97.7382
1,6188.9,0.0,00:26:31.5,00:02:12.9,3.76,00:00:00.0,0.00,20,523,11.64,0.00,133,192,-72,8,44,15,267,582,567,-8,30.2514,-97.7382
1,6199.8,0.0,00:26:34.3,00:02:12.9,3.76,00:00:00.0,0.00,20,524,10.97,0.00,132,195,-73,10,45,13,260,579,523,0,30.2513,-97.7381
1,6211.3,0.0,00:26:37.3,00:02:13.6,3.74,00:00:00.0,0.00,20,525,11.45,0.00,132,235,-72,6,47,12,314,679,620,-6,30.2512,-97.738
1,6224.1,0.0,00:26:40.7,00:02:14.0,3.73,00:00:00.0,0.00,18,526,12.78,0.00,131,201,-71,8,44,12,324,651,622,-8,30.2512,-97.7379
1,6234.8,0.0,00:26:43.5,00:02:14.0,3.73,00:00:00.0,0.00,22,527,10.71,0.00,130,219,-71,5,46,16,284,638,599,-11,30.2511,-97.7378
1,6246.4,0.0,00:26:46.5,00:02:12.6,3.77,00:00:00.0,0.00,20,528,11.69,0.00,130,212,-71,7,45,16,278,630,589,-8,30.251,-97.7377
1,6257.5,0.0,00:26:49.2,00:02:11.2,3.81,00:00:00.0,0.00,20,529,11.06,0.00,130,222,-71,6,46,13,296,647,616,-8,30.251,-97.7376
1,6268.9,0.0,00:26:52.3,00:02:12.6,3.77,00:00:00.0,0.00,20,530,11.36,0.00,131,213,-70,8,45,10,300,634,604,-6,30.2509,-97.7375
1,6281.5,0.0,00:26:55.7,00:02:14.4,3.72,00:00:00.0,0.00,18,531,12.67,0.00,131,224,-72,5,46,12,348,755,720,-3,30.2508,-97.7374
1,6292.8,0.0,00:26:58.7,00:02:15.1,3.70,00:00:00.0,0.00,20,532,11.30,0.00,131,234,-73,6,45,13,321,690,650,-10,30.2508,-97.7373
1,6304.3,0.0,00:27:01.7,00:02:13.6,3.74,00:00:00.0,0.00,20,533,11.45,0.00,130,223,-73,9,46,12,309,670,639,-12,30.2507,-97.7372
1,6316.5,0.0,00:27:05.1,00:02:12.6,3.77,00:00:00.0,0.00,18,534,12.23,0.00,131,187,-67,7,47,11,286,607,593,0,30.2507,-97.7371
1,6327.0,0.0,00:27:07.7,00:02:13.6,3.74,00:00:00.0,0.00,21,535,10.44,0.00,131,235,-71,5,44,12,314,677,639,-13,30.2506,-97.737
1,6338.7,0.0,00:27:11.1,00:02:15.8,3.68,00:00:00.0,0.00,18,536,11.78,0.00,131,207,-68,7,45,11,327,660,634,-10,30.2506,-97.7369
1,6350.0,0.0,00:27:14.1,00:02:15.5,3.69,00:00:00.0,0.00,18,537,11.30,0.00,133,148,-69,9,43,15,233,484,484,1,30.2506,-97.7368
1,---,---,---,---,---,---,---,---,537,---,---,---,---,37,---,45,---,-5,---,4,37,---,---
1,6361.2,0.0,00:27:17.1,00:02:12.9,3.76,00:00:00.0,0.00,20,538,11.20,0.00,132,94,-65,14,40,20,118,256,265,-8,30.2505,-97.7367
1,6371.9,0.0,00:27:20.1,00:02:12.2,3.78,00:00:00.0,0.00,21,539,10.69,0.00,132,199,-68,6,44,13,271,526,485,-7,30.2505,-97.7366
1,6383.0,0.0,00:27:23.1,00:02:12.6,3.77,00:00:00.0,0.00,20,540,11.10,0.00,132,196,-70,6,45,16,283,571,569,-8,30.2504,-97.7365
1,6394.7,0.0,00:27:26.1,00:02:10.5,3.83,00:00:00.0,0.00,20,541,11.65,0.00,131,204,-70,8,45,10,289,606,581,-1,30.2504,-97.7364
1,6407.1,0.0,00:27:29.2,00:02:08.5,3.89,00:00:00.0,0.00,18,542,12.39,0.00,130,163,-68,8,44,14,260,535,533,-5,30.2503,-97.7363
1,6418.3,0.0,00:27:32.1,00:02:06.2,3.96,00:00:00.0,0.00,20,543,11.24,0.00,133,194,-69,8,45,13,279,577,563,-4,30.2503,-97.7362
1,6430.1,0.0,00:27:35.1,00:02:03.4,4.05,00:00:00.0,0.00,20,544,11.81,0.00,132,222,-71,7,45,14,318,653,633,-6,30.2503,-97.736
1,6440.5,0.0,00:27:38.1,00:02:05.9,3.97,00:00:00.0,0.00,21,545,10.39,0.00,132,203,-72,9,45,14,271,604,604,-9,30.2502,-97.736
1,6450.4,0.0,00:27:41.1,00:02:16.2,3.67,00:00:00.0,0.00,20,546,9.92,0.00,129,192,-70,9,44,16,256,570,565,-9,30.2502,-97.7359
1,6460.8,0.0,00:27:44.1,00:02:20.0,3.57,00:00:00.0,0.00,20,547,10.38,0.00,129,208,-73,8,47,14,272,638,549,-12,30.2502,-97.7358
1,6475.0,0.0,00:27:47.2,00:02:15.5,3.69,00:00:00.0,0.00,18,548,14.21,0.00,130,207,-70,7,47,12,304,665,615,-5,30.2501,-97.7356
1,6486.1,0.0,00:27:50.3,00:02:14.7,3.71,00:00:00.0,0.00,20,549,11.13,0.00,131,192,-70,8,45,14,278,570,529,-6,30.2501,-97.7355
1,6499.9,0.0,00:27:53.6,00:02:13.6,3.74,00:00:00.0,0.00,18,550,13.74,0.00,132,148,-66,7,45,14,254,486,474,-3,30.2501,-97.7354
1,6512.3,0.0,00:27:56.6,00:02:13.3,3.75,00:00:00.0,0.00,20,551,12.43,0.00,133,148,-69,8,45,18,214,453,423,0,30.25,-97.7353
1,6523.4,0.0,00:27:59.4,00:02:13.6,3.74,00:00:00.0,0.00,20,552,11.13,0.00,133,210,-71,5,47,15,290,612,544,-4,30.25,-97.7352
1,6537.8,0.0,00:28:03.3,00:02:14.0,3.73,00:00:00.0,0.00,16,553,14.39,0.00,134,139,-64,10,45,15,263,493,509,-4,30.2499,-97.735
1,6547.9,0.0,00:28:05.9,00:02:16.9,3.65,00:00:00.0,0.00,22,554,10.09,0.00,135,234,-69,5,46,14,302,682,647,0,30.2498,-97.7349
1,6560.2,0.0,00:28:09.1,00:02:16.2,3.67,00:00:00.0,0.00,20,555,12.31,0.00,136,236,-71,5,47,13,304,722,673,-4,30.2498,-97.7348
1,6572.7,0.0,00:28:12.3,00:02:11.9,3.79,00:00:00.0,0.00,18,556,12.47,0.00,136,204,-69,6,45,11,311,650,628,-7,30.2497,-97.7347
1,6584.4,0.0,00:28:15.3,00:02:10.5,3.83,00:00:00.0,0.00,20,557,11.66,0.00,135,233,-71,6,46,12,301,707,650,-3,30.2497,-97.7346
1,6596.0,0.0,00:28:18.3,00:02:10.5,3.83,00:00:00.0,0.00,20,558,11.67,0.00,133,192,-70,10,45,15,269,553,533,-3,30.2497,-97.7345
1,6607.0,0.0,00:28:21.1,00:02:10.8,3.82,00:00:00.0,0.00,20,559,10.96,0.00,131,194,-70,9,46,17,258,577,584,-7,30.2496,-97.7344
1,6618.5,0.0,00:28:24.1,00:02:11.5,3.80,00:00:00.0,0.00,21,560,11.46,0.00,131,219,-71,9,45,12,291,638,597,-8,30.2496,-97.7343
1,6630.8,0.0,00:28:27.3,00:02:12.2,3.78,00:00:00.0,0.00,18,561,12.30,0.00,131,205,-69,5,44,15,320,640,606,-7,30.2495,-97.7342
1,6641.7,0.0,00:28:30.0,00:02:11.5,3.80,00:00:00.0,0.00,22,562,10.98,0.00,130,214,-71,9,45,13,292,610,553,-9,30.2495,-97.7341
1,6653.4,0.0,00:28:33.0,00:02:09.8,3.85,00:00:00.0,0.00,20,563,11.67,0.00,130,198,-71,8,44,13,262,595,564,-10,30.2494,-97.7339
1,6664.3,0.0,00:28:35.9,00:02:09.5,3.86,00:00:00.0,0.00,21,564,10.93,0.00,130,228,-71,9,45,12,297,643,599,-8,30.2494,-97.7338
1,6676.0,0.0,00:28:38.9,00:02:09.5,3.86,00:00:00.0,0.00,20,565,11.66,0.00,130,199,-71,10,46,12,274,591,572,-3,30.2494,-97.7337
1,6687.6,0.0,00:28:41.9,00:02:08.8,3.88,00:00:00.0,0.00,20,566,11.57,0.00,131,209,-71,9,45,14,300,623,602,-6,30.2493,-97.7336
1,6699.2,0.0,00:28:44.8,00:02:09.5,3.86,00:00:00.0,0.00,20,567,11.67,0.00,131,201,-71,9,45,15,301,617,614,-7,30.2493,-97.7335
1,6710.3,0.0,00:28:47.7,00:02:09.8,3.85,00:00:00.0,0.00,20,568,11.03,0.00,132,209,-70,7,44,16,289,610,599,-5,30.2492,-97.7334
1,6721.8,0.0,00:28:50.7,00:02:09.5,3.86,00:00:00.0,0.00,20,569,11.55,0.00,132,210,-69,8,45,13,288,617,601,-5,30.2492,-97.7333
1,6734.0,0.0,00:28:53.9,00:02:10.5,3.83,00:00:00.0,0.00,18,570,12.14,0.00,132,177,-69,7,44,12,257,597,601,-4,30.2491,-97.7332
1,6745.4,0.0,00:28:56.9,00:02:12.2,3.78,00:00:00.0,0.00,20,571,11.40,0.00,132,223,-69,7,47,12,300,629,604,-10,30.2491,-97.7331
1,6756.9,0.0,00:28:59.9,00:02:11.2,3.81,00:00:00.0,0.00,20,572,11.58,0.00,131,214,-71,7,46,15,297,624,580,-14,30.2491,-97.733
1,6768.0,0.0,00:29:02.7,00:02:09.5,3.86,00:00:00.0,0.00,20,573,11.09,0.00,131,180,-69,10,44,14,247,553,564,-2,30.249,-97.7329
1,6779.5,0.0,00:29:05.7,00:02:09.8,3.85,00:00:00.0,0.00,20,574,11.48,0.00,131,190,-69,9,45,14,246,571,558,-6,30.249,-97.7328
1,6791.1,0.0,00:29:08.7,00:02:10.5,3.83,00:00:00.0,0.00,20,575,11.55,0.00,132,179,-69,8,43,13,241,537,534,-6,30.2489,-97.7326
1,6802.5,0.0,00:29:11.7,00:02:11.2,3.81,00:00:00.0,0.00,20,576,11.45,0.00,134,193,-70,6,44,16,262,575,572,-4,30.2489,-97.7325
1,6814.1,0.0,00:29:14.7,00:02:11.2,3.81,00:00:00.0,0.00,20,577,11.56,0.00,135,207,-71,9,45,14,268,603,587,-5,30.2488,-97.7324
1,6825.7,0.0,00:29:17.7,00:02:09.5,3.86,00:00:00.0,0.00,20,578,11.62,0.00,135,205,-72,10,43,13,288,604,608,-10,30.2488,-97.7323
1,6838.6,0.0,00:29:21.1,00:02:10.5,3.83,00:00:00.0,0.00,17,579,12.92,0.00,133,196,-70,7,45,14,328,683,650,-9,30.2488,-97.7322
1,6850.0,0.0,00:29:24.1,00:02:12.6,3.77,00:00:00.0,0.00,20,580,11.43,0.00,132,182,-70,11,44,16,240,557,593,-4,30.2487,-97.7321
1,6861.5,0.0,00:29:27.1,00:02:11.9,3.79,00:00:00.0,0.00,20,581,11.43,0.00,132,231,-71,6,46,15,299,658,623,-6,30.2487,-97.732
1,6873.0,0.0,00:29:30.1,00:02:11.2,3.81,00:00:00.0,0.00,20,582,11.57,0.00,131,197,-69,7,44,15,292,581,580,-7,30.2486,-97.7319
1,6884.5,0.0,00:29:33.1,00:02:11.2,3.81,00:00:00.0,0.00,20,583,11.45,0.00,131,202,-69,8,45,13,296,615,603,-8,30.2486,-97.7318
1,6895.9,0.0,00:29:36.1,00:02:11.9,3.79,00:00:00.0,0.00,20,584,11.37,0.00,131,200,-69,6,44,15,289,588,557,-11,30.2485,-97.7317
1,6906.6,0.0,00:29:38.9,00:02:12.9,3.76,00:00:00.0,0.00,20,585,10.69,0.00,132,214,-72,10,46,14,289,657,625,-4,30.2485,-97.7316
1,6918.0,0.0,00:29:41.9,00:02:12.6,3.77,00:00:00.0,0.00,21,586,11.43,0.00,133,218,-70,8,45,11,294,623,602,-6,30.2484,-97.7314
1,6930.1,0.0,00:29:45.1,00:02:12.6,3.77,00:00:00.0,0.00,18,587,12.10,0.00,133,168,-68,8,44,15,279,557,528,-2,30.2484,-97.7313
1,6941.8,0.0,00:29:48.3,00:02:14.0,3.73,00:00:00.0,0.00,20,588,11.70,0.00,133,196,-69,8,46,14,277,583,563,0,30.2484,-97.7312
1,6952.3,0.0,00:29:51.1,00:02:14.4,3.72,00:00:00.0,0.00,20,589,10.54,0.00,133,191,-69,8,46,16,259,574,566,-2,30.2483,-97.7311
1,6963.0,0.0,00:29:53.9,00:02:13.6,3.74,00:00:00.0,0.00,20,590,10.67,0.00,134,191,-69,8,45,12,267,552,523,-1,30.2483,-97.731
1,6974.2,0.0,00:29:56.9,00:02:13.6,3.74,00:00:00.0,0.00,20,591,11.18,0.00,136,200,-71,8,44,15,272,602,588,-12,30.2482,-97.7309
1,6985.4,0.0,00:29:59.9,00:02:14.0,3.73,00:00:00.0,0.00,20,592,11.24,0.00,135,198,-70,8,44,16,289,578,554,-7,30.2482,-97.7308
1,6996.6,0.0,00:30:02.9,00:02:14.0,3.73,00:00:00.0,0.00,20,593,11.19,0.00,133,208,-70,6,46,12,289,632,603,-6,30.2481,-97.7307
1,7007.8,0.0,00:30:05.9,00:02:13.6,3.74,00:00:00.0,0.00,20,594,11.24,0.00,130,207,-69,8,45,10,299,617,612,-5,30.2481,-97.7306
1,7020.5,0.0,00:30:09.3,00:02:13.3,3.75,00:00:00.0,0.00,18,595,12.70,0.00,135,169,-67,6,44,15,290,564,539,-6,30.248,-97.7305
1,7030.9,0.0,00:30:12.1,00:02:14.4,3.72,00:00:00.0,0.00,21,596,10.40,0.00,135,194,-70,14,44,14,270,559,529,-6,30.248,-97.7304
1,7042.7,0.0,00:30:15.3,00:02:14.7,3.71,00:00:00.0,0.00,20,597,11.76,0.00,135,191,-69,8,47,13,284,591,601,-6,30.2479,-97.7303
1,7054.0,0.0,00:30:18.3,00:02:14.0,3.73,00:00:00.0,0.00,20,598,11.26,0.00,135,187,-69,9,45,14,266,573,552,-13,30.2479,-97.7302
1,7065.2,0.0,00:30:21.3,00:02:14.0,3.73,00:00:00.0,0.00,20,599,11.21,0.00,133,205,-69,8,45,14,302,605,586,-10,30.2479,-97.7301
1,7076.4,0.0,00:30:24.3,00:02:14.0,3.73,00:00:00.0,0.00,20,600,11.25,0.00,132,195,-71,9,45,16,263,615,580,-3,30.2478,-97.73
1,7087.7,0.0,00:30:27.3,00:02:13.6,3.74,00:00:00.0,0.00,20,601,11.31,0.00,131,192,-70,9,45,14,266,553,542,-9,30.2478,-97.7299
1,7098.9,0.0,00:30:30.3,00:02:12.9,3.76,00:00:00.0,0.00,20,602,11.18,0.00,131,178,-68,10,44,13,260,524,529,-4,30.2477,-97.7298
1,7110.2,0.0,00:30:33.3,00:02:12.9,3.76,00:00:00.0,0.00,20,603,11.29,0.00,130,172,-69,8,44,13,258,539,512,-9,30.2477,-97.7297
1,7121.5,0.0,00:30:36.3,00:02:13.6,3.74,00:00:00.0,0.00,20,604,11.26,0.00,129,176,-67,9,47,13,248,528,516,-5,30.2476,-97.7296
1,7133.4,0.0,00:30:39.5,00:02:13.6,3.74,00:00:00.0,0.00,20,605,11.90,0.00,126,183,-69,8,44,14,281,566,531,-9,30.2476,-97.7294
1,7144.6,0.0,00:30:42.5,00:02:13.6,3.74,00:00:00.0,0.00,20,606,11.29,0.00,125,190,-69,7,45,12,278,572,536,-11,30.2475,-97.7293
1,7156.7,0.0,00:30:45.7,00:02:13.3,3.75,00:00:00.0,0.00,18,607,12.04,0.00,125,179,-69,7,46,12,280,598,560,-13,30.2475,-97.7292
1,7167.8,0.0,00:30:48.7,00:02:14.0,3.73,00:00:00.0,0.00,21,608,11.11,0.00,125,220,-70,9,44,11,300,634,604,-3,30.2474,-97.7291
1,7179.4,0.0,00:30:51.7,00:02:12.2,3.78,00:00:00.0,0.00,20,609,11.56,0.00,125,197,-70,6,44,16,278,593,582,-5,30.2474,-97.729
1,7191.0,0.0,00:30:54.7,00:02:09.1,3.87,00:00:00.0,0.00,20,610,11.63,0.00,125,199,-70,10,45,15,281,585,589,-6,30.2474,-97.7289
1,7202.5,0.0,00:30:57.7,00:02:08.8,3.88,00:00:00.0,0.00,20,611,11.54,0.00,126,197,-70,9,44,15,268,615,623,-7,30.2473,-97.7288
1,7214.0,0.0,00:31:00.7,00:02:09.8,3.85,00:00:00.0,0.00,20,612,11.50,0.00,126,201,-69,8,44,11,271,603,566,-6,30.2473,-97.7287
1,7225.0,0.0,00:31:03.5,00:02:10.5,3.83,00:00:00.0,0.00,20,613,10.96,0.00,126,231,-72,6,45,13,318,673,634,-6,30.2472,-97.7286
1,7237.3,0.0,00:31:06.7,00:02:09.5,3.86,00:00:00.0,0.00,20,614,12.26,0.00,127,222,-75,8,45,14,318,668,625,-6,30.2472,-97.7285
1,7248.3,0.0,00:31:09.5,00:02:08.8,3.88,00:00:00.0,0.00,20,615,11.08,0.00,128,195,-74,10,45,16,277,587,541,-9,30.2471,-97.7284
1,7261.2,0.0,00:31:12.9,00:02:09.5,3.86,00:00:00.0,0.00,18,616,12.84,0.00,129,188,-69,5,46,10,295,629,572,-5,30.2471,-97.7282
1,7272.6,0.0,00:31:15.9,00:02:10.8,3.82,00:00:00.0,0.00,20,617,11.38,0.00,129,202,-69,5,44,13,285,596,562,-10,30.2471,-97.7281
1,7283.8,0.0,00:31:18.9,00:02:11.9,3.79,00:00:00.0,0.00,20,618,11.28,0.00,129,204,-71,7,44,14,301,614,578,-10,30.247,-97.728
1,7295.2,0.0,00:31:21.9,00:02:12.2,3.78,00:00:00.0,0.00,20,619,11.36,0.00,131,215,-73,11,43,12,309,634,619,-5,30.247,-97.7279
1,---,---,---,---,---,---,---,---,619,---,---,---,---,5,---,11,---,-8,---,-1,5,---,---
1,7307.3,0.0,00:31:25.1,00:02:12.2,3.78,00:00:00.0,0.00,18,620,12.15,0.00,131,251,-68,8,44,14,257,519,493,-13,30.247,-97.7278
1,7317.9,0.0,00:31:27.9,00:02:13.3,3.75,00:00:00.0,0.00,22,621,10.59,0.00,131,192,-70,8,45,15,246,561,539,-6,30.2469,-97.7277
1,7329.3,0.0,00:31:30.9,00:02:12.6,3.77,00:00:00.0,0.00,20,622,11.41,0.00,131,183,-70,8,45,17,254,538,564,-8,30.2469,-97.7276
1,7340.6,0.0,00:31:33.9,00:02:11.9,3.79,00:00:00.0,0.00,20,623,11.30,0.00,131,202,-69,6,44,15,276,601,580,-7,30.2469,-97.7275
1,7351.5,0.0,00:31:36.7,00:02:11.5,3.80,00:00:00.0,0.00,21,624,10.90,0.00,131,218,-70,7,45,15,293,609,588,-6,30.2468,-97.7273
1,7363.8,0.0,00:31:39.9,00:02:10.5,3.83,00:00:00.0,0.00,18,625,12.27,0.00,130,193,-69,7,44,14,304,626,594,3,30.2468,-97.7272
1,7375.7,0.0,00:31:43.1,00:02:11.5,3.80,00:00:00.0,0.00,20,626,11.91,0.00,130,195,-71,8,45,13,260,579,547,-11,30.2468,-97.7271
1,7385.9,0.0,00:31:45.7,00:02:12.2,3.78,00:00:00.0,0.00,21,627,10.14,0.00,130,253,-74,7,46,13,328,723,631,-9,30.2467,-97.727
1,7397.2,0.0,00:31:48.7,00:02:11.5,3.80,00:00:00.0,0.00,21,628,11.38,0.00,130,241,-74,5,45,14,328,695,670,-6,30.2467,-97.7269
1,7408.8,0.0,00:31:51.7,00:02:10.5,3.83,00:00:00.0,0.00,20,629,11.52,0.00,131,206,-71,8,44,12,283,626,609,-4,30.2467,-97.7268
1,7420.4,0.0,00:31:54.7,00:02:10.2,3.84,00:00:00.0,0.00,20,630,11.60,0.00,131,217,-71,7,44,11,299,639,601,-8,30.2466,-97.7267
1,7431.2,0.0,00:31:57.5,00:02:10.5,3.83,00:00:00.0,0.00,20,631,10.88,0.00,132,229,-72,5,46,11,302,695,678,-10,30.2466,-97.7266
1,---,---,---,---,---,---,---,---,631,---,---,---,---,41,---,47,---,-21,---,-11,47,---,---
1,7443.3,0.0,00:32:00.7,00:02:11.5,3.80,00:00:00.0,0.00,18,632,12.04,0.00,132,181,-70,8,45,13,264,544,513,-7,30.2466,-97.7264
1,7454.4,0.0,00:32:03.7,00:02:12.6,3.77,00:00:00.0,0.00,21,633,11.14,0.00,131,185,-71,11,44,14,258,521,524,-9,30.2465,-97.7263
1,7465.6,0.0,00:32:06.7,00:02:12.2,3.78,00:00:00.0,0.00,20,634,11.23,0.00,131,197,-69,9,45,11,287,582,568,-6,30.2465,-97.7262
1,7477.0,0.0,00:32:09.7,00:02:11.2,3.81,00:00:00.0,0.00,20,635,11.39,0.00,131,195,-69,7,44,14,285,587,577,-2,30.2465,-97.7261
1,7488.5,0.0,00:32:12.7,00:02:10.5,3.83,00:00:00.0,0.00,20,636,11.46,0.00,131,197,-69,7,45,10,290,587,543,-9,30.2465,-97.726
1,7500.0,0.0,00:32:15.7,00:02:10.2,3.84,00:00:00.0,0.00,20,637,11.54,0.00,131,162,-70,11,46,14,241,508,473,-7,30.2464,-97.7259
1,7511.4,0.0,00:32:18.7,00:02:11.5,3.80,00:00:00.0,0.00,20,638,11.32,0.00,130,203,-71,7,45,15,291,611,605,-6,30.2464,-97.7258
1,7522.8,0.0,00:32:21.7,00:02:12.2,3.78,00:00:00.0,0.00,20,639,11.39,0.00,130,204,-69,6,47,15,296,608,568,-7,30.2464,-97.7257
1,7534.1,0.0,00:32:24.7,00:02:11.9,3.79,00:00:00.0,0.00,20,640,11.33,0.00,129,190,-71,8,45,15,276,570,579,-10,30.2463,-97.7255
1,7545.3,0.0,00:32:27.7,00:02:12.2,3.78,00:00:00.0,0.00,20,641,11.26,0.00,129,207,-69,8,45,10,301,623,597,-9,30.2463,-97.7254
1,7557.5,0.0,00:32:30.9,00:02:12.2,3.78,00:00:00.0,0.00,18,642,12.19,0.00,129,184,-69,5,44,14,300,602,557,-13,30.2463,-97.7253
1,7568.7,0.0,00:32:33.9,00:02:13.6,3.74,00:00:00.0,0.00,20,643,11.18,0.00,129,224,-71,8,46,13,310,666,630,-8,30.2463,-97.7252
1,7580.0,0.0,00:32:36.9,00:02:14.0,3.73,00:00:00.0,0.00,20,644,11.33,0.00,129,191,-71,7,45,15,269,567,527,-10,30.2462,-97.7251
1,7591.4,0.0,00:32:39.9,00:02:13.3,3.75,00:00:00.0,0.00,20,645,11.34,0.00,129,197,-69,7,45,11,269,604,603,-2,30.2462,-97.725
1,7602.8,0.0,00:32:42.9,00:02:13.3,3.75,00:00:00.0,0.00,20,646,11.43,0.00,129,204,-69,7,45,11,285,594,588,-2,30.2462,-97.7248
1,---,---,---,---,---,---,---,---,646,---,---,---,---,-4,---,5,---,-20,---,-12,-4,---,---
1,7615.5,0.0,00:32:46.3,00:02:13.6,3.74,00:00:00.0,0.00,17,647,12.67,0.00,129,307,-68,7,43,10,303,626,587,-3,30.2462,-97.7247
1,7626.6,0.0,00:32:49.3,00:02:16.9,3.65,00:00:00.0,0.00,20,648,11.12,0.00,128,203,-70,8,45,15,279,605,584,-6,30.2462,-97.7246
1,7638.0,0.0,00:32:52.3,00:02:16.9,3.65,00:00:00.0,0.00,20,649,11.41,0.00,128,213,-70,9,46,13,301,632,623,-7,30.2462,-97.7245
1,7649.5,0.0,00:32:55.3,00:02:14.4,3.72,00:00:00.0,0.00,20,650,11.49,0.00,128,218,-71,5,45,14,307,648,643,-6,30.2462,-97.7244
1,7661.1,0.0,00:32:58.3,00:02:13.6,3.74,00:00:00.0,0.00,20,651,11.59,0.00,130,214,-71,9,46,12,298,637,598,-2,30.2462,-97.7242
1,7673.3,0.0,00:33:01.5,00:02:13.3,3.75,00:00:00.0,0.00,18,652,12.21,0.00,130,198,-69,8,46,13,323,637,609,-7,30.2461,-97.7241
1,7684.9,0.0,00:33:04.5,00:02:13.6,3.74,00:00:00.0,0.00,21,653,11.55,0.00,130,196,-70,7,46,13,261,596,566,-6,30.2461,-97.724
1,7695.6,0.0,00:33:07.3,00:02:13.6,3.74,00:00:00.0,0.00,20,654,10.77,0.00,130,224,-72,5,45,15,299,633,579,-11,30.2461,-97.7239
1,7706.9,0.0,00:33:10.3,00:02:14.4,3.72,00:00:00.0,0.00,20,655,11.31,0.00,128,234,-73,8,47,10,322,704,632,-8,30.2461,-97.7238
1,7718.4,0.0,00:33:13.3,00:02:14.7,3.71,00:00:00.0,0.00,20,656,11.50,0.00,130,212,-75,9,45,13,281,655,613,-6,30.2461,-97.7236
1,7729.3,0.0,00:33:16.1,00:02:14.0,3.73,00:00:00.0,0.00,20,657,10.91,0.00,131,221,-74,8,47,13,278,656,638,-8,30.2462,-97.7235
1,7742.3,0.0,00:33:19.5,00:02:13.6,3.74,00:00:00.0,0.00,18,658,12.95,0.00,132,163,-69,8,44,13,261,524,493,-15,30.2462,-97.7234
1,7753.7,0.0,00:33:22.5,00:02:14.0,3.73,00:00:00.0,0.00,20,659,11.40,0.00,131,179,-70,8,44,14,231,538,512,-7,30.2462,-97.7233
1,7765.2,0.0,00:33:25.5,00:02:14.4,3.72,00:00:00.0,0.00,20,660,11.48,0.00,130,200,-69,7,45,15,253,594,589,-6,30.2462,-97.7232
1,7776.2,0.0,00:33:28.3,00:02:13.3,3.75,00:00:00.0,0.00,21,661,11.04,0.00,130,221,-70,9,46,12,278,639,626,-7,30.2462,-97.7231
1,7788.4,0.0,00:33:31.5,00:02:11.9,3.79,00:00:00.0,0.00,20,662,12.20,0.00,132,206,-71,8,44,15,277,614,606,-3,30.2462,-97.7229
1,7799.5,0.0,00:33:34.3,00:02:11.9,3.79,00:00:00.0,0.00,20,663,11.09,0.00,132,191,-71,8,44,15,264,593,587,-7,30.2462,-97.7228
1,7811.6,0.0,00:33:37.5,00:02:13.3,3.75,00:00:00.0,0.00,20,664,12.11,0.00,132,248,-70,3,47,10,343,737,668,-4,30.2463,-97.7227
1,7822.7,0.0,00:33:40.3,00:02:12.9,3.76,00:00:00.0,0.00,21,665,11.07,0.00,132,256,-73,5,46,11,345,731,678,-8,30.2463,-97.7226
1,7834.4,0.0,00:33:43.3,00:02:11.5,3.80,00:00:00.0,0.00,20,666,11.75,0.00,132,221,-73,7,47,14,312,678,622,-5,30.2463,-97.7225
1,7846.0,0.0,00:33:46.3,00:02:11.5,3.80,00:00:00.0,0.00,20,667,11.57,0.00,131,225,-73,6,46,12,306,663,629,-8,30.2463,-97.7223
1,7858.2,0.0,00:33:49.5,00:02:13.3,3.75,00:00:00.0,0.00,18,668,12.16,0.00,133,185,-68,6,44,12,300,600,604,-8,30.2464,-97.7222
1,7869.7,0.0,00:33:52.5,00:02:14.4,3.72,00:00:00.0,0.00,20,669,11.52,0.00,133,221,-70,6,45,12,300,650,633,-8,30.2464,-97.7221
1,7881.2,0.0,00:33:55.5,00:02:14.0,3.73,00:00:00.0,0.00,20,670,11.53,0.00,132,192,-69,9,45,11,271,571,564,-10,30.2464,-97.722
1,7892.7,0.0,00:33:58.5,00:02:13.6,3.74,00:00:00.0,0.00,20,671,11.46,0.00,132,190,-69,5,44,13,281,578,553,-9,30.2465,-97.7219
1,7905.4,0.0,00:34:02.2,00:02:14.0,3.73,00:00:00.0,0.00,18,672,12.75,0.00,131,133,-68,8,44,13,220,467,431,-7,30.2465,-97.7218
1,7916.6,0.0,00:34:05.2,00:02:15.1,3.70,00:00:00.0,0.00,20,673,11.13,0.00,131,153,-69,8,44,15,219,455,434,-6,30.2465,-97.7216
1,7927.9,0.0,00:34:08.1,00:02:14.4,3.72,00:00:00.0,0.00,20,674,11.34,0.00,131,157,-69,8,42,17,227,496,533,-7,30.2466,-97.7215
1,7939.2,0.0,00:34:11.2,00:02:12.9,3.76,00:00:00.0,0.00,18,675,11.35,0.00,131,138,-68,9,43,12,210,431,411,-7,30.2466,-97.7214
1,7950.4,0.0,00:34:14.2,00:02:11.5,3.80,00:00:00.0,0.00,21,676,11.20,0.00,131,143,-68,7,44,18,202,425,431,-9,30.2466,-97.7213
1,7961.7,0.0,00:34:17.1,00:02:11.2,3.81,00:00:00.0,0.00,19,677,11.29,0.00,131,135,-67,7,42,15,206,428,410,-4,30.2466,-97.7212
1,7972.9,0.0,00:34:20.2,00:02:10.8,3.82,00:00:00.0,0.00,20,678,11.21,0.00,131,111,-67,19,45,18,163,322,335,2,30.2466,-97.7211
1,7984.0,0.0,00:34:23.2,00:02:11.2,3.81,00:00:00.0,0.00,20,679,11.06,0.00,131,166,-69,8,44,14,245,518,494,-4,30.2466,-97.721
1,7995.2,0.0,00:34:26.2,00:02:11.2,3.81,00:00:00.0,0.00,21,680,11.18,0.00,131,218,-72,7,44,13,287,608,605,-5,30.2466,-97.7208
1,8007.5,0.0,00:34:29.3,00:02:08.2,3.90,00:00:00.0,0.00,20,681,12.31,0.00,131,176,-69,7,44,11,267,555,517,-3,30.2466,-97.7207
1,8018.2,0.0,00:34:32.2,00:02:06.5,3.95,00:00:00.0,0.00,20,682,10.74,0.00,132,200,-74,12,46,12,276,590,561,-1,30.2466,-97.7206
1,8031.0,0.0,00:34:35.4,00:02:06.9,3.94,00:00:00.0,0.00,18,683,12.80,0.00,132,138,-69,9,42,19,219,452,447,-5,30.2466,-97.7205
1,8042.3,0.0,00:34:38.4,00:02:07.8,3.91,00:00:00.0,0.00,20,684,11.27,0.00,132,197,-70,6,42,12,273,568,535,-6,30.2466,-97.7204
1,8054.3,0.0,00:34:41.5,00:02:09.1,3.87,00:00:00.0,0.00,20,685,12.00,0.00,131,221,-73,7,46,15,317,691,630,-7,30.2466,-97.7202
1,8064.8,0.0,00:34:44.4,00:02:10.5,3.83,00:00:00.0,0.00,20,686,10.51,0.00,130,218,-77,6,45,13,301,681,604,-14,30.2465,-97.7201
1,8075.2,0.0,00:34:47.3,00:02:13.3,3.75,00:00:00.0,0.00,20,687,10.36,0.00,129,253,-77,4,46,15,311,722,611,-15,30.2465,-97.72
1,8085.6,0.0,00:34:50.2,00:02:13.6,3.74,00:00:00.0,0.00,21,688,10.40,0.00,127,236,-76,4,45,9,298,673,551,-21,30.2465,-97.7199
1,8097.1,0.0,00:34:53.3,00:02:13.6,3.74,00:00:00.0,0.00,19,689,11.53,0.00,128,213,-74,5,46,14,299,672,562,-13,30.2465,-97.7198
1,8107.4,0.0,00:34:56.2,00:02:14.4,3.72,00:00:00.0,0.00,22,690,10.35,0.00,128,---,---,---,---,---,---,---,---,---,30.2466,-97.7197
1,8118.4,0.0,00:34:59.2,00:02:14.0,3.73,00:00:00.0,0.00,20,691,10.94,0.00,127,225,-77,7,47,13,298,656,552,-2,30.2466,-97.7196
1,8129.6,0.0,00:35:02.2,00:02:12.9,3.76,00:00:00.0,0.00,20,692,11.18,0.00,125,209,-76,8,42,10,291,629,558,-12,30.2466,-97.7195
1,8143.1,0.0,00:35:05.7,00:02:12.6,3.77,00:00:00.0,0.00,17,693,13.53,0.00,123,188,-73,4,45,13,305,655,615,-8,30.2467,-97.7193
1,8154.0,0.0,00:35:08.7,00:02:15.1,3.70,00:00:00.0,0.00,20,694,10.86,0.00,124,228,-74,6,46,12,316,665,594,-15,30.2467,-97.7193
1,8164.5,0.0,00:35:11.5,00:02:15.5,3.69,00:00:00.0,0.00,21,695,10.54,0.00,126,231,-72,6,45,13,311,666,602,-10,30.2468,-97.7192
1,8175.4,0.0,00:35:14.4,00:02:11.2,3.81,00:00:00.0,0.00,20,696,10.86,0.00,126,235,-74,6,44,11,300,692,637,-14,30.2468,-97.7191
1,---,---,---,---,---,---,---,---,696,---,---,---,---,-11,---,13,---,-10,---,-3,-1,---,---
1,8189.4,0.0,00:35:18.1,00:02:10.5,3.83,00:00:00.0,0.00,16,697,14.01,0.00,127,274,-68,6,45,11,282,560,524,-1,30.2469,-97.719
1,8199.8,0.0,00:35:20.9,00:02:12.9,3.76,00:00:00.0,0.00,22,698,10.39,0.00,129,213,-70,7,45,14,290,588,515,-2,30.247,-97.7189
1,8211.3,0.0,00:35:23.9,00:02:11.9,3.79,00:00:00.0,0.00,21,699,11.52,0.00,129,210,-73,8,44,15,277,623,591,-4,30.247,-97.7188
1,8222.3,0.0,00:35:26.7,00:02:08.2,3.90,00:00:00.0,0.00,20,700,11.03,0.00,130,220,-72,8,44,13,293,621,605,-7,30.2471,-97.7187
1,8233.3,0.0,00:35:29.5,00:02:06.9,3.94,00:00:00.0,0.00,21,701,11.01,0.00,129,206,-70,6,44,16,285,594,612,-9,30.2472,-97.7186
1,8244.2,0.0,00:35:32.4,00:02:06.5,3.95,00:00:00.0,0.00,21,702,10.92,0.00,130,241,-73,6,45,16,329,687,660,-5,30.2472,-97.7185
1,8255.3,0.0,00:35:35.3,00:02:05.6,3.98,00:00:00.0,0.00,21,703,11.06,0.00,130,252,-71,7,45,11,350,728,683,-4,30.2473,-97.7184
1,8267.1,0.0,00:35:38.3,00:02:04.0,4.03,00:00:00.0,0.00,20,704,11.80,0.00,135,245,-72,6,46,11,338,720,680,-7,30.2474,-97.7183
1,8279.1,0.0,00:35:41.3,00:02:03.1,4.06,00:00:00.0,0.00,20,705,12.03,0.00,135,219,-71,6,45,12,330,672,638,-9,30.2474,-97.7182
1,8290.1,0.0,00:35:44.2,00:02:03.4,4.05,00:00:00.0,0.00,22,706,11.01,0.00,135,233,-71,6,45,14,313,658,616,-7,30.2475,-97.7181
1,8301.9,0.0,00:35:47.2,00:02:03.7,4.04,00:00:00.0,0.00,21,707,11.71,0.00,137,219,-70,8,45,14,301,632,610,-7,30.2476,-97.7181
1,8313.5,0.0,00:35:50.2,00:02:04.3,4.02,00:00:00.0,0.00,21,708,11.68,0.00,140,229,-74,8,47,14,285,667,629,-6,30.2476,-97.718
1,8324.6,0.0,00:35:52.7,00:02:06.2,3.96,00:00:00.0,0.00,21,709,11.04,0.00,140,250,-72,7,46,13,315,691,652,-6,30.2477,-97.7179
1,8336.3,0.0,00:35:55.7,00:02:07.8,3.91,00:00:00.0,0.00,21,710,11.74,0.00,140,249,-72,7,47,14,343,734,697,-5,30.2477,-97.7178
1,8348.9,0.0,00:35:59.2,00:02:09.8,3.85,00:00:00.0,0.00,18,711,12.56,0.00,140,182,-70,5,44,14,289,629,575,-11,30.2478,-97.7177
1,8360.0,0.0,00:36:02.2,00:02:12.2,3.78,00:00:00.0,0.00,20,712,11.17,0.00,140,240,-70,6,45,8,329,715,669,-7,30.2479,-97.7176
1,---,---,---,---,---,---,---,---,712,---,---,---,---,-15,---,7,---,-6,---,10,-10,---,---
1,8378.2,0.0,00:36:07.1,00:02:16.6,3.66,00:00:00.0,0.00,12,713,18.12,0.00,139,261,-67,7,45,13,259,548,527,-6,30.248,-97.7174
1,8388.5,0.0,00:36:10.1,00:02:24.9,3.45,00:00:00.0,0.00,20,714,10.33,0.00,139,244,-71,5,47,11,321,695,647,-8,30.248,-97.7174
1,8399.9,0.0,00:36:13.1,00:02:22.4,3.51,00:00:00.0,0.00,20,715,11.38,0.00,139,211,-70,7,47,11,282,639,604,-9,30.2481,-97.7173
1,8411.4,0.0,00:36:16.1,00:02:12.9,3.76,00:00:00.0,0.00,20,716,11.50,0.00,140,232,-71,7,44,12,307,654,639,-9,30.2482,-97.7172
1,8423.1,0.0,00:36:19.1,00:02:09.5,3.86,00:00:00.0,0.00,20,717,11.69,0.00,140,236,-72,8,44,11,325,696,627,-8,30.2483,-97.7171
1,8434.3,0.0,00:36:21.9,00:02:07.2,3.93,00:00:00.0,0.00,21,718,11.20,0.00,139,218,-70,6,45,12,302,636,596,-9,30.2483,-97.717
1,8446.0,0.0,00:36:24.9,00:02:06.2,3.96,00:00:00.0,0.00,21,719,11.79,0.00,139,218,-71,10,44,11,292,629,590,-5,30.2484,-97.7169
1,---,---,---,---,---,---,---,---,719,---,---,---,---,-5,---,10,---,-1,---,17,-4,---,---
1,8459.9,0.0,00:36:28.5,00:02:07.5,3.92,00:00:00.0,0.00,16,720,13.86,0.00,138,256,-66,5,43,11,277,530,506,-6,30.2485,-97.7168
1,8471.0,0.0,00:36:31.5,00:02:12.9,3.76,00:00:00.0,0.00,20,721,11.14,0.00,136,192,-69,9,44,13,270,553,511,-4,30.2486,-97.7167
1,8481.8,0.0,00:36:34.3,00:02:15.5,3.69,00:00:00.0,0.00,21,722,10.79,0.00,135,227,-72,7,45,13,306,661,636,-6,30.2486,-97.7166
1,---,---,---,---,---,---,---,---,722,---,---,---,0,37,---,43,---,0,0,2,41,---,---
1,8494.9,0.0,00:36:37.7,00:02:14.0,3.73,00:00:00.0,0.00,18,723,13.04,0.00,135,138,-69,7,41,17,208,423,427,-7,30.2487,-97.7165
1,8506.1,0.0,00:36:40.7,00:02:14.0,3.73,00:00:00.0,0.00,20,724,11.19,0.00,135,198,-67,7,43,12,275,559,534,0,30.2488,-97.7164
1,8517.0,0.0,00:36:43.5,00:02:13.3,3.75,00:00:00.0,0.00,22,725,10.89,0.00,136,225,-70,7,44,10,294,635,604,-7,30.2488,-97.7164
1,---,---,---,---,---,---,---,---,725,---,---,---,---,2,---,13,---,-14,---,0,13,---,---
1,---,---,---,---,---,---,---,---,725,---,---,---,---,-13,---,8,---,-10,---,-4,-11,---,---
